CSV of plasmid database. ,,,"If you know where the plasmid map for a specific plasmid is located, please add a copy to X:\Holmen Lab\Plasmids and\or email Garrett. I will add the file to the folder and the link here. ",LINK TO PLASMIDS FOLDER,,,,,,,,,,,
sequence file,file,vector #,Vector Name,"Location
-20°C, -80°C, or both",Concentration,Prep Size,Prepared By,"Antibiotic
Resistance","Species of
Inserted Gene","Date
Prepared","Bacterial Glycerol
Stock Number",Source,Other Notes,,
,,1,RCAS AP,,1.8ug/µL,,,AMP,,,,,,,
,,2,RCAS c myc,,0.207,,,AMP,,,,,,,
,,3,RCAS LacZ,-80°C,1.6µg/µL,,,AMP,,,,,,,
,,4,RCAS GFP,,209ng/µL,Maxi Prep,KT,AMP,,3/9/2018,,,,,
0005-RCASBP(A) EGFRviii.dna,yes,5,RCASBP(A) EGFRviii,,0.517,,,AMP,pDEST,,,,,,
,,6,RCAS cyclinD1,-80°C,1.8µg/µL,,,AMP,,,,,,,
,,7,RCAS S37AB catenin,-80°C,0.286µg/µL,,,AMP,,,,,,,
,,8,RCAS middleT,-80°C,2.0µg/µL,,,AMP,,,,,,,
,,9,RCAS Tag,,2.9µg/µL,,,AMP,,,,,,,
,,10,RCAS Puro,-80°C,3µg/µL,,,AMP,,,,,,,
,,11,RCAS Tyrosinase,,0.88µg/µL,,,AMP,,,,,,,
,,12,RCAS B lac,-80°C,1.8µg/µL,,,AMP,,,,,,,
,,13,RCASBP(A) luciferase,,0.447µg/µL,,,AMP,,,,,,,
0014-RCAS X.gb,yes,14,RCAS X,,0.308µg/µL,,,AMP,,,,,Empty vector,,
,,15,RCASBP  Y DV(A) ,both,176ng/uL,Maxi Prep,,AMP AND chloramphenicol,,,,,,,
,,16,Tet on RCAS X,-80°C,0.330µg/µL,,,AMP,,,,,,,
,,17,RCAS B AKT (bovine),,0.141µg/µL,,,AMP,,,,,,,
,,18,"RCAS BP (A) AKT HA (mouse myr-Akt-HA, used on all DCT Ms)",,31,126,29,AMP,,,,,,,
,,19,RCAS BP(A) ΔAKT HA (mouse myr-AktΔ11-60-HA),,0.23µg/µL,,,AMP,,42.1,,,,,
,,20,RCAS HA k rasG12D,,1.8µg/µL,,,AMP,,,,,,,
,,21,RCAS k ras FLAG,-80°C,0.8µg/µL,,,AMP,,,,,,,
,,22,RCAS k rasV12 MP1,-80°C,5.3µg/µL,,,AMP,,,,,,,
,,23,RCAS h ras HA,,0.5µg/µL,,,AMP,,,,,,,
,,24,RCAS h ras V12,-80°C,0.457µg/µL,,,AMP,,,,,,,
,,25,RCAS huHGF,,0.65µg/µL,,,AMP,,,,,,,
,,26,RCAS bFGF,-80°C,0.448µg/µL,,,AMP,,,,,,,
,,27,RCAS RFP,-80°C,1.4µg/µL,,,AMP,,,,,,,
,,28,RCAS cdk5 IRES p25,-80°C,0.4µg/µL,,,AMP,,,,,,,
,,29,RCAS p25 IRS,-80°C,0.72µg/µL,,,AMP,,,,,,,
,,30,RCAS Bfl 1,,0.32µg/µL,11,,AMP,,,,,,,
0031-hRSK1 myrY702A pDest RCAS.gb,yes,31,hRSK1 myr/Y702A pDest RCAS,,0.159µg/µL,,,AMP,,,,,,,
,,32,RSKwt RCAS GW,,0.434µg/µL,,,AMP,,,,,,,
,,33,RCAS Y  MEK1 GF,,0.935µg/µL,,,AMP,,,,,,,
,,34,RCAS Nk4,,0.48µg/µL,,,AMP,,,,,,,
,,35,RCAS Nk4 HA,,0.56µg/µL,,,AMP,,,,,,,
,,36,RCAS FRAT1 Flag,-80°C,0.59µg/µL,,,AMP,,,,,,,
,,37,RCAS CKI epsilon,-80°C,1.0µg/µL,,,AMP,,,,,,,
,,38,RCAS Wnt1 HA,-80°C,1.6µg/µL,,,AMP,,,,,,,
,,39,RCAS Wnt5A,-80°C,0.062µg/µL,,,AMP,,,,,,,
,,40,RCASBP(c) sTVA GFP,,1.8µg/µL,,,AMP,,,,,,,
,,41,RCAS Large T,-80°C,0.530µg/µL,,,AMP,,,,,,,
0042-RCAS Y DV.dna,yes,42,RCAS Y DV,,337.2ng/µL,Maxi Prep,GR,AMP AND chloramphenicol,,11/1/2012,,,"sequenced 4/26/19 showed several mutations, was unsuccessful cloning in plasmid 1021, and restriction digest of empty vector never looked right",,
0043-pYAP6.gb,yes,43,pYAP6,,0.365µg/µL,,,AMP,,,,,,,
,,44,pYAP6 CMV GFP,,0.571µg/µL,,,AMP,,,,,,,
,,45,pYAP6 GFP,-80°C,0.629µg/µL,,,AMP,,,,,,,
,,46,pEntr3C CMV GFP,-80°C,0.614µg/µL,,,KAN,,,,,,,
,,47,pEntr3C GFP,,0.421µg/µL,,,KAN,,,,,,,
,,48,pDEST RCAS hRSK1 myr,,0.627µg/µL,,,AMP,,,,,,,
0049-RCAS Y DV NHA.dna,yes,49,RCAS Y DV NHA,,0.23µg/µL,,,Amp/Chloramphenicol,,,,,,,
0050-RCAS Y DV CHA.dna,yes,50,RCAS Y DV CHA,,0.350µg/µL,,GR,Amp/Chloramphenicol,,15-Mar,,MVB Stock,,,
,,51,RCAS Cre,-80°C,0.125µg/µL,,,AMP,,1/9/2010,,,"JR wrote ""new""",,
0052-RCAS Cre GFP.dna,yes,52,RCAS Cre GFP,-80°C,150ng/µL,,,AMP,,3/27/2014,,,,,
,,53,RCAS Tet off,,357,,JR,AMP,,,,,,,
,,54,RCAS Y DV BRAF wt,,75,,,AMP,,,,,,,
,,55,RCAS Y DV BRAF V599E,,297.8,13,,AMP,,,,,,,
,,56,pENTR3C BRAF ,,0.25,41,,KAN,,,,,,,
,,57,pENTR3C BRAF V599E ,,0.17,12,,KAN,,,,,,,
0058-pENTR3C RSK CAI.dna,yes,58,pENTR3C RSK CAI ,,0.27,,,KAN,,,,,,,
0059-pENTR3C RSK CAII.dna,yes,59,pENTR3C RSK CAII ,,0.25,,,KAN,,,,,,,
,,60,RCAS Y DV Nras Q61R,,0.100µg/µL,,,AMP,,,,,,,
,,61,RCAS Y DV RSK CAI,,0.128µg/µL,,,AMP,,,,,,,
,,62,RCAS Y DV RSK CAII,,0.712µg/µL,,,AMP,,,,,,,
0063-pENTR3C Bcl XL.dna,yes,63,pENTR3C Bcl XL,-80°C,0.07µg/µL,,,KAN,,,,,,,
,,64,pENTR3C Nras Q61R,,0.170µg/µL,83,,KAN,,,,,,,
,,65,RCAS Y DV Bcl XL,-80°C,,,,AMP,,,,,,,
,,66,RCASBP(M2C) 797 8 (reduced toxicity ampho),,0.92µg/µL,,,AMP,,,,,,,
0067-RCASBP(A) survivin.dna,yes,67,RCASBP(A) survivin,,0.50µg/µL,,,AMP,,,,,,,
0068-pENTR3C survivin.dna,yes,68,pENTR3C survivin,,0.150µg/µL,,,KAN,,,,,,,
,,69,RCASBP(M) Rfc.1 (Destination Vector) clone #2,,0.53µg/µL,,,Amp/chloramphenicol,,,,,,,
,,70,RCANBP(M) DV clone #7,,0.40µg/µL,,,AMP,,,,,,,
,,71,RCANBP(M) clone #13,,0.38µg/µL,,,AMP,,,,,,,
0072-RCASBP(M) Nras Q61R.dna,yes,72,RCASBP(M) Nras Q61R,,0.257µg/µL,,,AMP,,,,,,,
,,73,RCASBP(M) Braf,,0.289µg/µL,,,AMP,,,,,,,
0074-RCASBP(M) Braf V599E.dna,yes,74,RCASBP(M) Braf V599E,,0.273µg/µL,,,AMP,,,,,,,
0075-RCASBP(M) RSK CAI.dna,yes,75,RCASBP(M) RSK CAI,,0.199µg/µL,,,AMP,,,,,,,
0076-RCASBP(M) RSK CAII.dna,yes,76,RCASBP(M) RSK CAII,,0.266µg/µL,,,AMP,,,,,,,
0077-RCASBP(M) Bcl XL.dna,yes,77,RCASBP(M) Bcl XL,,0.233µg/µL,,,AMP,,,,,,,
,,78,RCASBP(M) Survivin,,0.266µg/µL,,,AMP,,,,,,,
0079-RCASBP(M) Bfl 1.dna,yes,79,RCASBP(M) Bfl 1,,0.311µg/µL,,,AMP,,,,,,,
0080-RCASBP(M) GFP.dna,yes,80,RCASBP(M) GFP,,0.34µg/µL,,,AMP,,,,,,,
,,81,RCANBP(M) GFP,,0.121µg/µL,,,AMP,,,,,,,
,,82,RCANBP(M) CMV GFP,,0.184µg/µL,Box 2,,AMP,,,,,,,
0083-RCASBP(M) RFC.1.dna,yes,83,RCASBP(M) RFC.1,,0.527µg/µL,,,Amp/chloramphenicol,,,,,,,
0084-RCASBP(M) hBID.dna,yes,84,RCASBP(M) hBID,,0.338µg/µL,,,AMP,,,,,,,
0085-RCASBP(M) hBad wt.dna,yes,85,RCASBP(M) hBad wt,,0.251µg/µL,,,AMP,,,,,,,
0086-RCASBP(M) hBad 3SA.dna,yes,86,RCASBP(M) hBad 3SA,,0.328µg/µL,,,AMP,,,,,,,
0087-RCASBP(M) Bim EL.dna,yes,87,RCASBP(M) Bim EL,,0.254µg/µL,,,AMP,,,,,,,
0088-RCASBP(M) Bim L.dna,yes,88,RCASBP(M) Bim L,,0.261µg/µL,,,AMP,,,,,,,
0089-RCASBP(M) Bim S.dna,yes,89,RCASBP(M) Bim S,,0.186µg/µL,,,AMP,,,,,,,
,,90,pENTR3C hBAD 3SA,-80°C,0.367µg/µL,,,KAN,,,,,,,
,,91,pENTR3C hBAD wt,-80°C,0.363µg/µL,,,KAN,,,,,,,
,,92,pENTR3C hBid,-80°C,0.431µg/µL,,,KAN,,,,,,,
,,93,pENTR3C Bim EL,,0.198µg/µL,,,KAN,,,,,,,
0094-pENTR3C Bim L.dna,yes,94,pENTR3C Bim L,-80°C,0.407µg/µL,,,KAN,,,,,,,
,,95,pENTR3C Bim S,-80°C,0.440µg/µL,,,KAN,,,,,,,
,,96,RCANBP(M) Bad 24,,0.291µg/µL,,,AMP,,,,,,,
,,97,RCANBP(A) Bad 24,,0.324µg/µL,,,AMP,,,,,,,
,,98,RCANBP(M) Bad 433,,0.456µg/µL,,,AMP,,,,,,,
,,99,RCANBP(M) Bad 445,,0.300µg/µL,,,AMP,,,,,,,
,,100,RCANBP(A) Bad 445,,0.288µg/µL,,,AMP,,,,,,,
,,101,RCANBP(A) Bim 37,,357,344,,AMP,,,,,,,
,,102,RCANBP(A) Bad 433,,0.310µg/µL,,,AMP,,,,,,,
0103-RCANBP(M) Bim 37.dna,yes,103,RCANBP(M) Bim 37,,358,,,AMP,,,,,,,
,,104,RCASBP(M) T34A survivin,,0.307µg/µL,,,AMP,,,,,,,
,,105,RCASBP(M) C84A survivin,,0.253µg/µL,,,AMP,,,,,,,
,,106,RCANBP(M) Bim 37 clone #1,-80°C,0.358µg/µL,,,AMP,,,,,,,
,,107,RCANBP(M) Bim 37 clone #2,-80°C,0.344µg/µL,,,AMP,,,,,,,
,,108,pENTR Tet Off mini prep #1,-80°C,10µL,,,KAN,,,,,,,
,,109,pENTR3C tvb 703,-80°C,0.229µg/µL,,,KAN,,,,,,,
,,110,pENTR3C tvb 889,-80°C,0.217µg/µL,,,KAN,,,,,,,
,,111,pENTR3C tvb 1121,-80°C,0.191µg/µL,,,KAN,,,,,,,
0112-RCASBP(A) Tet Off.gb,yes,112,RCASBP(A) Tet Off,,608,,,AMP,,,,,,,
,,113,Bim EL S59A (from mp#7),-80°C,0.530µg/µL,,,AMP,,,,,,,
,,114,Bim EL S77A (from mp#15),-80°C,0.339µg/µL,,,AMP,,,,,,,
,,115,Bim EL T34A (from mp#39),-80°C,0.585µg/µL,,,AMP,,,,,,,
,,116,RCANBP(A) tvb 703,-80°C,0.255µg/µL,,,AMP,,,,,,,
,,117,RCANBP(A) tvb 889,-80°C,0.267µg/µL,,,AMP,,,,,,,
,,118,RCANBP(A) tvb 1121,-80°C,0.203µg/µL,,,AMP,,,,,,,
0119-pTRE2hyg.dna,yes,119,pTRE2hyg,,0.488µg/µL,,,AMP,,,,,,,
,,120,pCR8 GW TOPO NRas ,,366,Mini Prep,,SPEC,,,,,,,
,,121,RCASBP(A) NRas wt,,0.240µg/µL,,,AMP,,,,,,,
,,122,RCASBP(M) NRas wt,,0.239µg/µL,,,AMP,,,,,,,
,,123,pCR8 GW TOPO NRas QC V12 (T >G) mp#5,,,,,SPEC,,,,,,,
0124-RCANBP(A) TRE Akt HA.dna,yes,124,RCANBP(A) TRE Akt HA,,0.143µg/µL,,,AMP,,,,,,,
,,125,RCASBP(A) NRas V12,,0.188µg/µL,,,AMP,,,,,,,
0126-RCASBP(M) NRas V12.dna,yes,126,RCASBP(M) NRas V12,,0.207µg/µL,,,AMP,,,,,,,
,,127,pDEST R4 R3 TK (from Matt Edick),,311,,,Amp/chloramphenicol,,,,,,,
,,128,RCANBP(A) H1shGFP,-80°C,0.315µg/µL,,,AMP,,,,,,,
,,129,RCANBP(A) mU6shGFP,-80°C,0.309µg/µL,,,AMP,,,,,,,
0130-RCASBP(A) HRas.dna,yes,130,RCASBP(A) HRas,,0.148µg/µL,,,AMP,,,,,not functional,,
0131-RCANBP(A) cU6 2shGFP.dna,yes,131,RCANBP(A) cU6 2shGFP,-80°C,0.387µg/µL,,,AMP,,,,,,,
,,132,RCAS c myc (same as #2 in DB),-80°C,0.207µg/µL,,,AMP,,,,,,,
0133-pENTR3C cU6 2 chicken GAPDH.dna,yes,133,pENTR3C cU6 2 chicken GAPDH,,0.193µg/µL,,,KAN,,,,,,,
,,134,pENTR3C H1 chicken GAPDH mp DNA from Jen White,,3µL,,,KAN,,,,,,,
,,135,RCANBP(A) cU6 2chickenGAPDH shGFP,-80°C,0.274µg/µL,,,AMP,,,,,,,
,,136,pENTR3C TRE Akt HA mp DNA,-80°C,10µL,,,KAN,,,,,,,
,,137,RCANBP(A) H1chickenshGAPDH,-80°C,0.259µg/µL,,,AMP,,,,,,,
,,138,pENTR3c TRE2BMF,-80°C,,Mini Prep,,KAN,,,,,,,
,,139,pENTR3c TRE2BMF L138A,-80°C,,Mini Prep,,KAN,,,,,,,
,,140,pENTR3c TRE2BIK,-80°C,,Mini Prep,,KAN,,,,,,,
,,141,RCANBP(M) TRE BMF clone#1,-80°C,0.357µg/µL,,,AMP,,,,,,,
,,142,RCANBP(M) TRE BMFL138A clone#1,-80°C,0.429µg/µL,,,AMP,,,,,,,
,,143,RCANBP(M) TRE Bik clone#3,-80°C,0.509µg/µL,,,AMP,,,,,,,
,,144,pENTR3C KRas mp#3,-80°C,0.065µg/µL,,,KAN,,,,,,,
,,145,pENTR3C Akt mp#2,-80°C,0.143µg/µL,,,KAN,,,,,,,
0146-RCASBP(M)FLAG Kras.dna,yes,146,RCASBP(M)FLAG Kras,,115ng/µL,0.21,,AMP,,,,,400,,
,,147,RCASBP(M) Akt,-80°C,0.15µg/µL,,,AMP,,,,,,,
,,148,pTet On (From MVB),,1mg/mL,,,,,,,,,,
,,149,pENTR3c myc,,10ulmp,,,KAN,,,,,,,
,,150,RCASBP(M) myc (mini prep),-80°C,,,,AMP,,,,,,,
,,151,RCASBP(M) myc.1 maxiprep,,0.205µg/µL,,,AMP,,,,,,,
0152-pENTR3c iresPURO.dna,yes,152,pENTR3c iresPURO,-80°C,,Mini Prep,,KAN,,,,,,,
0153-pENTR3c rtTA iresPURO.dna,yes,153,pENTR3c rtTA iresPURO,-80°C,,Mini Prep,,KAN,,,,,,,
,,154,pENTR3C shGFP #1 2/4/06,,,Mini Prep,,KAN,,,,,,,
,,155,pENTR3C H1 shGFP #1 7/25/05,,,Mini Prep,,KAN,,,,,,,
,,156,RCASBP(M) rtTA IRES PURO clone #2,,0.44µg/µL,,,AMP,,,,,,,
0157-RCASBP(A) H1shGFP.dna,yes,157,RCASBP(A) H1shGFP,-80°C,0.345µg/µL,,,AMP,,,,,,,
0158-RCASBP(A) shGFP.dna,yes,158,RCASBP(A) shGFP,-80°C,0.489µg/µL,,,AMP,,,,,,,
,,159,pTRE2Hygro BMF,-80°C,500ng/µL,,,AMP,,,,,,,
,,160,pTRE2Hygro BMFL138A,-80°C,543ng/µL,,,AMP,,,,,,,
,,161,pTRE2Hygro Bik,-80°C,750ng/µL,,,AMP,,,,,,,
,,162,pTRE2Hygro BikL61G,-80°C,576ng/µL,,,AMP,,,,,,,
0163-pBluescript EGFRvIII  #1.dna,yes,163,pBluescript EGFRvIII  #1,-80°C,,Mini Prep,,AMP,,,,,,,
,,164,pBluescript EGFRvIII  #1 4/19/06 maxi,-80°C,112.5ng/µL,,,AMP,,,,,,,
,,165,pENTR3c EGFRvIII clone 10,-80°C,,Mini Prep,,KAN,,,,,,,
,,166,RCASBP(M)EGFR*,,0.17µg/µL,,,AMP,,,,,Clone 2,,
,,167,pENTR3C-Tre-mirnoleader,-80°C,295ng/µL,,,KAN,,,,,,,
,,168,pENTR3c TRE_EGFRvIII clone3,-80°C,,Mini Prep,,KAN,,,,,,,
,,169,pENTR3c TRE EGFRvIII clone5,-80°C,,Mini Prep,,KAN,,,,,,,
0170-pENTR3cmir no prom no leader.dna,yes,170,pENTR3cmir no prom no leader,-80°C,92.5,,,KAN,,,,,,,
,,171,pENTR3c RAV2 112,-80°C,,Mini Prep,,KAN,,,,,,,
,,172,pENTR3c RAV2 214,-80°C,,Mini Prep,,KAN,,,,,,,
,,173,pENTR3c RAV2 408,-80°C,,Mini Prep,,KAN,,,,,,,
,,174,pENTR3c RAV2 510,-80°C,,Mini Prep,,KAN,,,,,,,
,,175,pENTR3c RAV2 854,-80°C,,Mini Prep,,KAN,,,,,,,
,,176,RCAS mir 112,-80°C,270ng/mL,,,AMP,,,,,,,
,,177,RCAS mir 214,-80°C,346ng/µL,,,AMP,,,,,,,
,,178,RCAS mir 408,-80°C,560ng/µL,,,AMP,,,,,,,
,,179,RCAS mir 510,-80°C,192ng/µL,,,AMP,,,,,,,
,,180,RCAS mir 854,-80°C,120ng/µL,,,AMP,,,,,,,
,,181,DASBP egfp,-80°C,161ng/µL,,,AMP,,,,,,,
,,182,DANBP cmv gfp,-80°C,72ng/µL,,,AMP,,,,,,,
,,183,DASBR,-80°C,69ng/µL,,,AMP,,,,,,,
0184-DANBP.dna,yes,184,DANBP,-80°C,241ng/µL,,,AMP,,,,,,,
,,185,penv(A),-80°C,521ng/µL,,,AMP,,,,,,,
0186-DASBPLANC.dna,yes,186,DASBPLANC,-80°C,263ng/µL,,,AMP,,,,,,,
,,187,RCANBP∆F1`,-80°C,233ng/µL,,,AMP,,,,,,,
,,188,RCASBP∆F1`,-80°C,211ng/µL,,,AMP,,,,,,,
,,189,pBK7 6 2,-80°C,326ng/µL,,,KAN,,,,,,,
0190-pDsRed 2.1.gb,yes,190,pDsRed 2.1,-80°C,422ng/µL,,,KAN,,,,,,,
,,191,RCASBP(A) EGFP cmir30/luc1309,-80°C,380ng/µL,,,AMP,,,,,,,
,,192,RCASBP(A) EGFP cmir30/EGFP,-80°C,268ng/µL,,,AMP,,,,,,,
,,193,FG12 cmv,-80°C,1000ng/µL,,,AMP,,,,,,,
,,194,pDest FG12 cmv,,122.7,,,Amp/chloramphenicol,,,,,,,
,,195,FG12 cmv mir510,-80°C,756ng/µL,,,AMP,,,,,,,
,,196,FG12 cmv Jdcont,-80°C,457ng/µL,,,AMP,,,,,,,
,,197,pEntr Braf(V600E)/V5 HisA,,,Mini Prep,,KAN,,,,,,,
,,198,RAP,-80°C,0.5µg/µL,,,,,,,,,,
,,199,MESD,-80°C,0.5µg/µL,,,,,,,,,,
,,200,wt Lrp5 Myc,-80°C,0.2µg/µL,,,,,,,,,,
,,201,Lrp5 D11Y,-80°C,0.2µg/µL,,,,,,,,,,
,,202,Lrp5 G171R,-80°C,0.2µg/µL,,,,,,,,,,
,,203,Lrp5 G171V,-80°C,0.2µg/µL,,,,,,,,,,
,,204,Lrp5 A214T,-80°C,0.2µg/µL,,,,,,,,,,
,,205,Lrp5 A214V,-80°C,0.2µg/µL,,,,,,,,,,
,,206,Lrp5 A242T,-80°C,0.2µg/µL,,,,,,,,,,
,,207,Lrp5 T253I,-80°C,0.2µg/µL,,,,,,,,,,
,,208,RCASBP(A)Tet On,,0.696µg/µL,,William Pao (Harold Varmus),AMP,,,,,RCAS-X-rtTA,,
,,209,RCASBP(A)Tet On IRES Puro,,0.571µg/µL,,William Pao (Harold Varmus),AMP,,,,,RCAS-Y-rtTA-IRES-Puro,,
,,210,RCASBP(A)Tet On IRES GFP,,571,,William Pao (Harold Varmus),AMP,,,,,RCAS-Y-rtTA-IRES-GFP,,
,,211,RCANBP(A) TRE KRAS FLAG,,0.485µg/µL,,,AMP,,,,,,,
,,212,RCANBP(A) DV,-80°C,0.3µg/µL,,,AMP,,,,,"Doesn't work according to SH, use #299",,
,,213,pENTR3C TRE KRAS FLAG,,0.194µg/µL,0.308,,KAN,,,,,,,
,,214,pENTR TRE,,4.72µg/µL,1379,,KAN,,,,,,,
,,215,FG12 CMV RSK K94/447R,,0.307µg/µL,,,AMP,,,,,,,
,,216,pCR8/GW/TOPO Mek_GF V5 clone#1,-80°C,,Mini Prep,,SPEC,,,,,,,
,,217,RCAS DV (A) c Kit,-80°C,,,Matt VanBrocklin,,Mouse,,,,,,
,,218,RCASBP DV (A) c Kit HA,,140,,Matt VanBrocklin,,Mouse,,,,,,
,,219,RCAS DV (A) AKT3,,,,Matt VanBrocklin,,Mouse,,,,,,
,,220,RCASBP DV (A) Myr AKT3,,148,,Matt VanBrocklin,,Mouse,,,,,,
,,221,RCAS DV (A) BRAF (MIKL),,57µg/mL,,Matt VanBrocklin,,Mouse,,,,,,
,,222,RCAS DV (A) BRAF (MIKL) VE,,112,,Matt VanBrocklin,,Mouse,,,,,,
,,223,RCAS DV (A) HGF Xpress,,122,,Matt VanBrocklin,,Mouse,,,,,,
,,224,RCAS DV (A) Nras (HA) IRES GFP,,59ng/µL,,Matt VanBrocklin,,Human,,,,,,
,,225,RCAN DV (A) TRE NRas IRES GFP,-80°C,,,Matt VanBrocklin,,Human,,,,,,
,,226,RCAS DV (A) XIAP,,50,,Matt VanBrocklin,,Human,,,,,,
,,227,RCAS BP (M) XIAP V5,,50,,Matt VanBrocklin,,Human,,,,,,
,,228,RCAS DV (A) ATX (autotaxin),,,,Matt VanBrocklin,,Mouse,,,came from pcr8,,,
,,229,RCAS DV (A) ATX HA,,129µg/mL,,Matt VanBrocklin,,Mouse,,,,,,
,,230,pENTR 3C Bcl 2 HA,-80°C,,,Matt VanBrocklin,,Human,,,,,,
,,231,pENTR 3C Bcl xL HA,-80°C,,,Matt VanBrocklin,,Human,,,,,,
,,232,pENTR 3C Bfl 1 HA,-80°C,,,Matt VanBrocklin,,Human,,,,,,
,,233,pENTR 3C Mcl 1 HA,-80°C,,,Matt VanBrocklin,,Human,,,,,,
,,234,pENTR 3C Bim V5,-80°C,,,Matt VanBrocklin,,Human,,,,,,
,,235,pENTR 3C Bmf V5,-80°C,,,Matt VanBrocklin,,Human,,,,,,
,,236,pENTR 3C Bmf L138A V5,-80°C,,,Matt VanBrocklin,,Human,,,,,,
,,237,pCR8 AKT3,,319,,Matt VanBrocklin,,Mouse,,,,,,
,,238,pCR8 c Kit,-80°C,,,JR,,Mouse,,,,,,
,,239,pCR8 c Kit HA,,,,JR,,Mouse,,,,,,
,,240,pCR8 Myr AKT3,-80°C,,,Matt VanBrocklin,,Mouse,,,,,,
0241-pENTRD BRAF (MIKL).dna,yes,241,pENTR/D BRAF (MIKL),,125,,Matt VanBrocklin,,Mouse,,,,,,
,,242,pENTR/D BRAF (MIKL) VE,,,,Matt VanBrocklin,,Mouse,,,,,,
,,243,RCAS DV (A) Nras(Q61R) IRES CRE,,511ng/µL,Maxi Prep,SS,,,18-Jan,,Matt VanBrocklin,,,
,,244,RCAS DV (A) Bfl 1 HA,,,,Matt VanBrocklin,,Human,,,,,,
,,245,RCAS DV (A) Bcl 2 HA,,358ng/mL,,Matt VanBrocklin,,Human,,,,,,
,,246,RCAS DV (A) Bcl xL HA,,50,,Matt VanBrocklin,,Human,,,,,,
,,247,RCAS DV (A) Mcl 1 HA,,50µg/mL,,Matt VanBrocklin,,Human,,,,,,
,,248,pENTR 3C TRE Nras IRES AKT,,476ng/µL,,Andrea Jydstrup,KAN,,,,,,,
,,249,pENTR 3C Kras (FLAG),-80°C,251.2ng/µL,,Andrea Jydstrup,KAN,,,,,,,
,,250,pENTR 3C TRE Kras IRES AKT,-80°C,,Mini Prep,Andrea Jydstrup,KAN,,,,,,,
,,251,FG12 CMV DYNLL1,-80°C,>1000ng/µL,,Andrea Jydstrup,AMP,,,,,,,
,,252,FG12 CMV DYNLL2,-80°C,634.7ng/µL,,Andrea Jydstrup,AMP,,,,,,,
,,253,pCR8 DYNLL1,-80°C,,Mini Prep,Andrea Jydstrup,SPEC,,,,,,,
,,254,pCR8 DYNLL2,-80°C,,Mini Prep,Andrea Jydstrup,SPEC,,,,,,,
,,255,pCR8 AKT1 with Sal/Spe sites on ends,-80°C,,Mini Prep,Andrea Jydstrup,SPEC,,,,,,,
,,256,RCAN (X) DV TRE Kras IRES AKT,,261.8ng/µL,,Andrea Jydstrup,AMP,,,,,,,
,,257,pDEST R4 R3 (from Dong),,0.372µg/µL,,KL,,,,,,,,
,,258,pDEST R4 R3 TK (from Dong),,115ng/µL,,KL,AMP,,,,,,,
,,259,pDEST FG12 CMV cMET #3,,0.1017µg/µL,,KL,AMP,,,,,,,
,,260,pDEST FG12 CMV cMET #7,,0.1676µg/µL,,KL,AMP,,,,,,,
,,261,pDEST FG12 CMV cMET #11,,0.1514µg/µL,,KL,,,,,,,,
,,262,pBluescript SK   RFA rc #7,,0.2959µg/µL,,KL,,,,,,,,
,,263,pBluescript SK   RFA #1,,0.5327µg/µL,,KL,,,,,,,,
,,264,pENTR3C 2LoxP miR 590 FRT NEO #3,,396,,KL,,,,,,,,
,,265,pDONR P2R P3 3' homology #57 miR 590,,0.5365µg/µL,,KL,,,,,,,,
,,266,pDONR P2R P3 3' homology #78 miR 590,,0.4389µg/µL,,KL,,,,,,,,
,,267,pDONR P4 P1R 5' homology #6 miR 590,,0.147µg/µL,,KL,,,,,,,,
0268-pDEST R4R3 TK Dong.dna,yes,268,pDEST R4R3 TK Dong,,0.4788µg/µL,,KL,AMP,,,,,,,
,,269,pTRE2 hygro DsRed2,,203.4ng/µL,,KL,,,,,,,,
,,270,pDEST FG12 CMV GFP Bcl W HA,,219ng/µL,,KL,AMP,,,,,,,
,,271,RCAS y DV (A) Bcl W HA,,287.3ng/µL,,KL,AMP,,,,,,,
,,272,pDEST FG12 CMV DsRed2 Bcl w HA,,215.2ng/µL,,KL,AMP,,,,,,,
0273-pDEST FG12 CMV GFP Bcl B HA.gb,yes,273,pDEST FG12 CMV GFP Bcl B HA,,196.4ng/µL,,KL,AMP,,,,,,,
0274-pDEST FG12 CMV DsRed2 Bcl B HA.gb,yes,274,pDEST FG12 CMV DsRed2 Bcl B HA,,217.6ng/µL,,KL,AMP,,,,,,,
,,275,RCAS y DV (A) CCND1 HA,,139.9ng/µL,,KL,AMP,,,,,,,
,,276,pDEST FG12 CMV GFP CCND1 HA,,142.3ng/µL,,KL,AMP,,,,,,,
,,277,RCAS y DV (A) CCND1 K269R,,143.3ng/µL,,KL,AMP,,,,,,,
,,278,pDEST FG12 CMV GFP CCND1 K269R,,151.3ng/µL,,KL,AMP,,,,,,,
,,279,RCAN x DV TRE HA NRas,,216.6ng/µL,,KL,AMP,,,,,,,
,,280,RCAS y DV (A) CDK2 HA,,181.5ng/µL,,KL,AMP,,,,,,,
,,281,RCAS y DV (A) NEDD9 HA,,265.9ng/µL,,KL,AMP,,,,,,,
,,282,RCAS y DV (A) ETV1 HA,,261.6ng/µL,,KL,AMP,,,,,,,
,,283,pCR8 mouse Brca1 clone#2,-80°C,,Mini Prep,SH,SPEC,,,,,,,
,,284,pCR8 mouse Brca1 clone#6,-80°C,,Mini Prep,SH,SPEC,,,,,,,
0285-RCAN x DV TRE Kras IRES AKT.gb,yes,285,RCAN x DV TRE Kras IRES AKT,-80°C,70.6ng/µL,,AJ,AMP,,,,,,,
,,286,pENTR 3C AKT IRES Cre,-80°C,,Mini Prep,AJ,KAN,,,,,,,
,,287,RCAS AKT IRES Cre clone#5,-80°C,,Mini Prep,AJ,AMP,,,,,,,
,,288,RCAS AKT IRES Cre clone#8,-80°C,,Mini Prep,AJ,Amp,,,,,,,
,,289,RCAS AKT IRES Cre,,216.3ng/µL,,AJ,Amp,,,,,,,
,,290,Fg12 cmv V5Bmf,-80°C,242ng/µL,,AJ,Amp,,,,,,,
,,291,FG12 cmv TFAP2beta,-80°C,453.2ng/µL,,AJ,AMP,,,,,,,
0292-p59.dna,yes,292,p59,,350ng/µL,Maxi Prep,JR,AMP,,4/25/2013,,,,,
0293-p60.dna,yes,293,p60,,625ng/µL,Maxi Prep,JR,AMP,,4/25/2013,,,,,
0294-p61.dna,yes,294,p61,,940ng/µL,Maxi Prep,JR,AMP,,4/25/2013,,,,,
,,295,pDEST FG12 DsRed CMV,,200ng/µL,,JR,,,,,,,,
,,296,pDEST FG12 CMV DsRed 2 RFA,,300ng/µL,,Kl,,,5/22/2010,,,,,
,,297,pDest FG12 CMV BMF V5,,118ng/µL,,,,,,,,,,
,,298,FG12 CMV-HGF ,,221ng/µL,,,,,,,,,,
0299-RCAN X DV.gb,yes,299,RCAN X DV,,100ng/µL,,AJ ,,,,,,works,,
,,300,FG12  /   ,,,,Matt VanBrocklin,,,,,,? Crayon gone,,
,,301,FG12 CMV V5 MEK GF,,106ng/µL,,,,,,,,,,
,,302,FG12 MMP9  (no GFP) ,,561,,JR,,,,,,,,
,,303,pDEST FG12 CMV TFAP2,,725,,,,,,,,,,
,,304,pDest FG12 MMP9 (no GFP),,308,,Matt VanBrocklin,,,,,,,,
,,305,FG12 Stat3 no GFP,,100,,JR,,,,,,,,
,,306,pDEST FG12 (cmv promoterless),,191,,,,,,,,Digest incorrect do not use!!!,,
,,307,FG12 CMV HA Nras IRES Cre  ,,254,,,,,,,,,,
,,308,FG12 CMV X!AP,,270,,,,,,,,,,
,,309,pENTR3C Akt IRES CRE,,,Mini Prep,,,,,,,,,
,,310,pSICO p53 ,,107,,,,,,,,,,
0311-FG12-CMV-CRE.dna,yes,311,FG12-CMV-CRE,,267,1166.1,LS,,,1/21/2011,,,,,
,,312,FG12 CMV VEGF C,,325,,,,,,,,,,
,,313,pDEST FG12 CMV V5 XIAP,,150,,,,,,,,,,
,,314,FG12 GFP BRAF VE,,500,,,,,,,,,,
,,315,FG12 CMV HIF 2,,325,,,,,,,,,,
,,316,FG12 CMV cKIT 818,,103,,JR,,,8-Dec,,,arg for jr,,
,,317,FG12 STAT3C (no GFP),,1230,,JR,,,,,,,,
,,318,FG12 CMV STAT 3c ,,16,,,,,,,,,,
,,319,FG12 GFP STAT 3C ,,140,,JR,,,,,,,,
,,320,FG12 Nras(Q61R) IRES CRE ,,760,,,,,,,,,,
,,321,FG12 CMV V5 BRAF V600E HiSA,,304,,,,,,,,,,
,,322,FG12 CMV BRAF #26,,318,,,,,,,,"Not recognized by BRAFV600E antibody, use #725",,
,,323,FG12 CMV BRAF #28,,301,,,,,,,,,,
,,324,RCAS Y DV Nras Q61R HA,,151,,AJ,,,,,,,,
,,325,pcr8/GW/topo mHGF express,,463,,,,,,,,,,
,,326,"RCAS Y DV Mek1 Δn3 s218e, s222d (MEK-GF)",,381,,,,,,,,,,
,,327,RCASBP(A) BRAF V600E HisA,,140,,,,,,,,,,
,,328,pDEST RCAS HA NRAS,,112,,,,,,,,,,
,,329,pENTR3C cU6 shGFP #1,,,Mini Prep,,,,,,,,,
,,330,Bfl 1 pYAP6 ,,,,,,,,,,,,
,,331,RCAS CRAF 22W,,,,,,,,,,? On paper,,
,,332,RCASBP Y DV A mKIT D818H,,273ng/µL,240,JR,,,,,,,,
,,333,RCAS MEK GF V5 (non-functional),,186,,,,,,,,,,
,,334,pcDNA3.1 BRAF WT ,,800,,,,,,,,,,
,,335,pcDNA3.1 BRAF V599E ,,300,,,,,,,,,,
0336-RCAN(A) TRE-EGFRvIII.dna,yes,336,RCAN(A) TRE-EGFRvIII,,260,80,,,,,,,,,
,,337,pCR8/GW/topo c KIT,,470,,,,,,,,,,
,,338,pENTR 3C H1 BAD 445,,,Mini Prep,,,,,,,,,
,,339,pENTR 3C H1 Bad 433,,,Mini Prep,,,,,,,,,
0340-pENTR 3C  TRE.dna,yes,340,pENTR 3C  TRE,,266,,,,,,,,,,
0341-pENTR 3C.gb,yes,341,pENTR 3C ,,380,,,,,,,,,,
0342-pENTR 3C 2loxP DsRed FRT GFP.gb,yes,342,pENTR 3C 2loxP DsRed FRT GFP,,147,,,,,,,,,,
,,343,pENTR 3C mU6,,448,,,,,,,,,,
0344-pENTR 3C HA NRAS.dna,yes,344,pENTR 3C HA NRAS,,328,,,,,,,,,,
0345-pcDNA3.1 hygro TVA.dna,yes,345,pcDNA3.1 hygro TVA,,612ng/µL,433,JC,,,8/3/2014,,,,,
0346-pENTR 3C TRE GFP.dna,yes,346,pENTR 3C TRE GFP ,,350,,,,,,,,,,
0347-pENTR 3C CMV GFP.gb,yes,347,pENTR 3C CMV GFP,,614,,,,,,,,,,
,,348,RCASBP Y DV A AKT1mutant HA,-20°C,140,,,,,,,,,,
,,349,RCASBP Y DV A MEK GF (No tag functional),-20°C,426ng/µL,,,,,,,,,,
,,350,RCAN Y DV A TRE-KRAS ,-20°C,158,,,,,,,,,,
,,351,RCANBP A Y DV ,-20°C,48,,,,,,,,,,
,,352,RCANBP M DV,-20°C,150,,,,,,,,,,
,,353,RCANBP (A) TRE GFP c2,-20°C,445,,,,,,,,,,
0354-RCASBP (M) Tet Off.dna,yes,354,RCASBP (M) Tet Off,-20°C,280,,,,,,,,,,
,,355,pENTR3C TFAP2,-20°C,114,,,,,,,,,,
,,356,pENTR3C NRAS (HA) IRES CRE ,-20°C,150,,,,,,,,,,
,,357,pSport6 mouse c Kit,-20°C,488,,,,,,,,,,
,,358,pENTR 3C multimir (both have 1 on lid),-20°C,44,57,,,,,,,,,
,,359,pENTR 3C multimir JD control (3 on lid),-20°C,89,,,,,,,,,,
,,360,pENTR 3C multimir JD cntrl JDwn2 J03 (2 on lid),-20°C,76,,,,,,,,,,
,,361,pENTR 3C multimir JD cntrl JDwn2 (4 on lid),-20°C,77,,,,,,,,,,
,,362,pENTR 3C H1 ENV B 112 (mini#1),-20°C,,Mini Prep,,,,,,,,,
,,363,pENTR 3C H1 ENV B 408(mini#6),-20°C,,Mini Prep,,,,,,,,,
,,364,pENTR 3C H1 ENV B 854 (mini#9),-20°C,,Mini Prep,,,,,,,,,
,,365,pENTR 3C H1 1012 (mini#15),-20°C,,Mini Prep,,,,,,,,,
,,366,pENTR 3C mU6 Env B 112 (mini#17),-20°C,,Mini Prep,,,,,,,,,
,,367,pENTR 3C mU6 408 (mini#21),-20°C,,Mini Prep,,,,,,,,,
,,368,pENTR 3C mU6 Env B 854 (mini#27),-20°C,,Mini Prep,,,,,,,,,
,,369,pENTR 3C mU6 Env B 1012 (mini#29),-20°C,,Mini Prep,,,,,,,,,
,,370,"pENTR 3C multimir JD1, 2, 3",-20°C,70,,,,,,,,,,
0371-pENTR 3C m U6 shGFP.dna,yes,371,pENTR 3C m U6 shGFP,-20°C,,,,,,,,,,,
,,372,pENTR 3C T34A survivin,-20°C,150,,,,,,,,,,
,,373,pENTR 3C C84A survivin,-20°C,150,,,,,,,,,,
,,374,pENTR 3C H1 Bim 37,-20°C,,,,,,,,,,,
0375-pENTR 3C H1.dna,yes,375,pENTR 3C H1,-20°C,524,,,,,,,,,,
,,376,pENTR 3C H1 Bad24,-20°C,,,,,,,,,,,
,,377,pENTR 3C loxP MCS loxP frt neo frt,-20°C,522,116,,,,,,,,,
,,378,pENTR 3C (no HA) ATX,-20°C,1913,,DS,,,,,,,,
,,379,pBluescript ATX,-20°C,,,,,,,,,,,
,,380,Frt2/Neo loxP orientation 4,-20°C,90,,,,,,,,,,
,,381,FRT2/NEO and loxP c.16 in pBS KS,-20°C,801,,,,,,,,,,
,,382,RCAS Y DV 2 no tag,-20°C,131,,,,,,,,,,
,,383,RCAS Y DV NHA 3,-20°C,,,,,,,,,,,
,,384,RCAS Y DV CHA 9,-20°C,155,,,,,,,,,,
0385-pDONR p2r p3.dna,yes,385,pDONR p2r p3 ,-20°C,2594,240,,,,,,,1700,,
0386-pDONR p4 p1r.dna,yes,386,pDONR p4 p1r,-20°C,2208,,,,,,,,,,
0387-pDONR 201.gb,yes,387,pDONR 201,-20°C,123,,,KAN,,,,,,,
0388-pDONR 221.gb,yes,388,pDONR 221,-20°C,1000,,,KAN,,,,,,,
,,389,pBLUESCRIPT SK,-20°C,1500,,,,,,,,,,
0390-pTRE.dna,yes,390,pTRE,-20°C,131,,,,,,,,,,
0391-pUC 19.gb,yes,391,pUC 19,-20°C,10pg/µL,,,,,,,,,,
,,392,pDEST FG12 DsRed CMV KIAA:BRAF,-20°C,38,,CS,,,,,,,,
,,393,pDEST FG12 DsRed CMV KIAA:BRAF,-20°C,232.7,,CS,,,,,,,,
,,394,pDEST FG12 DsRed CMV KIAA:BRAF,-20°C,314.1,,CS,,,,,,,,
,,395,RCAS-Y p53 R273L ,-20°C,126.5ng/µL,,,,,,,,,,
,,396,pDEST FG12 GFP CMV - Bim S69A,-20°C,680ng/µL,,,,,,,,,,
,,397,pDEST FG12 dsRED CMV - Bim S69A,-20°C,946ng/µL,,,,,,,,,,
,,398,pDEST FG12 GFP CMV - Bim S59A,-20°C,690ng/µL,,,,,,,,,,
,,399,pDEST FG12 dsRED CMV - Bim S59A,-20°C,818ng/µL,,,,,,,,,,
,,400,pDEST FG12 GFP CMV - Bmf S74A,-20°C,661ng/µL,,,,,,,,,,
,,401,pDEST FG12 dsRED CMV - Bmf S74A,-20°C,821ng/µL,,,,,,,,,,
,,402,pCR8-Bim S69A,-20°C,,Mini Prep,RR,,,7/8/2010,,,,,
,,403,pCR8-Bim S59A,-20°C,,Mini Prep,RR,,,,,,,,
,,404,pCR8-Bmf S74A,-20°C,,Mini Prep,RR,,,,,,,,
,,405,pCR8-Bim S69A S59A,-20°C,,Mini Prep,RR,,,,,,,,
,,406,pCR8-Bim K112A,-20°C,,Mini Prep,RR,,,,,,,,
,,407,pCR8-Bmf L73A,-20°C,,Mini Prep,RR,,,,,,,,
,,408,pCR8-Bmf K68A,-20°C,,Mini Prep,RR,,,,,,,,
,,409,pCR8-Bmf T72A,-20°C,,Mini Prep,RR,,,,,,,,
,,410,RCAS cKit L576P  wrong ori,-20°C,100ng/µL,,JR,,,,,,,,
0411-pDEST FG12 CMV GFP.gb,yes,411,pDEST FG12 CMV GFP ,,154 ng/µL,,SS,Amp/Chloramphenicol,,,,Re-transformed and Maxi'd-- verified GFP expression in 293s 11/2/16 SS,370.1ng/ul,KL,jun 22 2010
0412-pAddEsay.dna,yes,412,pAddEsay,-20°C,170ng/µL,,JR,AMP,,,,,,,
0413-pShuttle-CMV-IRES-eGFP.gb,yes,413,pShuttle-CMV-IRES-eGFP,-20°C,360ng/µL,,JR,KAN,,,,,,,
,,414,pDest-Shuttle-(GW  B),-20°C,200ng/µL,,JR,KAN/Chloramp,,,,DB3.1,,,
,,415,pDest-Shuttle-CMV-(GW B),-20°C,250ng/µL,,JR,KAN/Chloramp,,,,DB3.1,,,
0416-pShuttle-CMV.gb,yes,416,pShuttle-CMV,-20°C,50ng/µL,Mini Prep,JR,KAN,,,,,,,
0417-pShuttle.dna,yes,417,pShuttle,-20°C,50ng/µL,Mini Prep,JR,KAN,,,,,,,
,,418,pTet Off (From MVB),,1mg/mL,,,,,,,,,,
,,419,RCAS BP(A) STAT 3c,-20°C,600ng/µL,124,JR,,,,,,,,
0420-pENTR MMP9.dna,yes,420,pENTR MMP9,-20°C,,,JR,,,,,,,,
,,421,RCASBP(A) EGFRviii,-20°C,80ng/µL,,,,,,,,,,
,,422,RCANBP(A) TRE-(hu)KRAS-HA,-20°C,120ng/µL,,JR,,,4/12/2009,,,,,
,,423,RCAS c-RAF,-20°C,240ng/µL,Midi Prep,JR,,,6/27/2009,,,,,
,,424,pIREShygro-pcB6 WTA VCT,-20°C,1.094µg/µL,670,ARC,,,,,,,,
,,425,FG12 CMV dsRed V5 Bmf T72A,,755ng/µL,,DS,AMP,,,,,,,
,,426,FG12 CMV dsRed V5 Bmf K68A,,403ng/µL,,DS,AMP,,,,,,,
,,427,mHGF (open biosystems cDNA clone)8733977,-20°C,272ng/µL,,,KAN,,,,,,,
,,428,pcB6 WTA delta513,-20°C,670ng/µL,,ARC,,,9/15/2008,,,,,
,,429,FG12 CMV GFP V5 Bmf K68A,,453ng/µL,,EJ/DS,,,,,,,,
,,430,pcDNA3.1 mouse sox 10,,574ng/µL,,EJ/DS,AMP,,,,,,,
,,431,pcDNA6 mouse sox 10 - V5,,655ng/µL,,EJ/DS,AMP,,,,,,,
,,432,pcDNA6 chick sox 11,,679ng/µL,,EJ/DS,AMP,,,,,,,
,,433,pDest-Shuttle (GW) CMV IRES GFP ,,366ng/µL,,EJ/JR,KAN/Chloramp,,,,DB3.1,,,
,,434,pLNcx mouse Wnt7b HA,,150ng/µL,,EJ,AMP,,,,,,,
,,435,pcDNA3.1 Beta Catenin S37A mouse,,910ng/µL,,EJ,AMP,,,,,,,
,,436,pDest R4R3 TK Dong miR5901 #11,,897ng/µL,,KL,,,,,,,,
,,437,pDest R4R3 TK Dong miR5901 #16,,897ng/µL,,KL,,,,,,,,
,,438,pDest R4R3 TK Dong miR5901 #4,,897ng/µL,,KL,,,,,,,,
,,439,pTRE2 hygro DsRed2,,212.2ng/µL,,KL,,,,,,,,
,,440,pDEST FG12 CMV DsRed2 cKit,,469.2ng/µL,,AJ/KL,,,,,,,,
,,441,pDEST FG12 NRasQ61R HA,,193ng/µL,,KL,,,,,,,,
,,442,KH-1LV,,511.7ng/µL,,KL,,,,,,does not express,,
,,443,pDEST FG12 CMV cMET Flag,,977.6ng/µL,,KL,,,,,,does not express,,
,,444,pDEST FG12 cMet Flag,,495ng/µL,,AJ/KL,,,,,,,,
,,445,pDEST FG12 CMV mHGFx DsRed2,,211.9ng/µL,,AJ/KL,,,,,,,,
,,446,pDEST FG12 CMV GFP TFAP2B,,453.2ng/µL,,AJ/KL,,,,,,,,
,,447,RCAS NHA mouse Sox 10,,900ng/µL,,,,,,,NIH,-80 stock is 50ng/µL,,
,,448,FG12 CMV V5 Bmf L73A dsRed,,425ng/µL,,DS,AMP,,,,,,,
,,449,FG12 CMV V5 Bmf L73A gfp,,54.3ng/µL,,Ds,AMP,,,,,,,
,,450,KH-1 LV Ral B07 #18,,235ng/µL,,DS,AMP,,,,,,,
,,451,KH-1LV Ral B05 #17,,252ng/µL,,DS,AMP,,,,,,,
,,452,KH-1 LV Ral B08 #20,,331ng/µL,,DS,AMP,,,,,,,
,,453,KH-1 LV RalA05 #7,,896ng/µL,,DS,AMP,,,,,,,
,,454,KH-1LV Ral A06 #8,,497ng/µL,,Ds,AMP,,,,,,,
,,455,pcr8/GW/TOPO Mek2,,77.6ng/µL,,KL,SPEC,,,,,,,
,,456,RCASBP(A)- p53 EF1a-ds-Red mp53 WT-flag,,,Mini Prep,AJM,AMP,,,,,,,
,,457,RCASBP(A)- p53-IRES puro mp53 WT-flag,,,Mini Prep,AJM,AMP,,,,,SEQUENCED on 8.25.16 using attB1 primer - has point mutation at C217,,
,,458,RCASBP(A)- p53 EF1a-ds-Red mp53-mtR172H-flag,,,Mini Prep,AJM,AMP,,,,,,,
,,459,RCASBP(A)- p53-IRES puro mp53-mtR172H-flag,,,Mini Prep,AJM,AMP,,,,,,,
,,460,RCASBP(A)- p53 EF1a-ds-Red mp53-mtR273L-flag,,,Mini Prep,AJM,AMP,,,,,,,
,,461,RCASBP(A)- p53-IRES puro mp53-mtR273L-flag,,,Mini Prep,AJM,AMP,,,,,,,
,,462,RCASBP(A)- p53 EF1a-ds-Red mp53-mtP151L-flag,,,Mini Prep,AJM,AMP,,,,,,,
,,463,RCASBP(A)- p53-IRES puro mp53-mtP151L-flag,,,Mini Prep,AJM,AMP,,,,,Original stock from Germany is in -80 (about 4 uL left),,
,,464,RCASBP(A)- p53 EF1a-ds-Red mp53-mtV203E-flag,,,Mini Prep,AJM,AMP,,,,,,,
,,465,RCASBP(A)- p53-IRES puro mp53-mtV203E-flag,,,Mini Prep,AJM,AMP,,,,,,,
,,466,RCASBP(A)- p53 EF1a-ds-Red mp53-mtY220C-flag,,,Mini Prep,AJM,AMP,,,,,,,
,,467,RCASBP(A)- p53-IRES puro mp53-mtY220C-flag,,,Mini Prep,AJM,AMP,,,,,,,
,,468,RCASBP(A)- p53 EF1a-ds-Red mp53-mtL212F-flag,,,Mini Prep,AJM,AMP,,,,,,,
,,469,RCASBP(A)- p53-IRES puro mp53-mtL212F-flag,,,Mini Prep,AJM,AMP,,,,,,,
,,470,RCASBP(A)- p53 EF1a-ds-Red mp53-mtV272A-flag,,,Mini Prep,AJM,AMP,,,,,,,
,,471,RCASBP(A)- p53-IRES puro mp53-mtV272A-flag,,,Mini Prep,AJM,AMP,,,,,,,
,,472,RCASBP(A)- p53 EF1a-ds-Red mp53-mtP250S-flag,,,Mini Prep,AJM,AMP,,,,,,,
,,473,RCASBP(A)- p53-IRES puro mp53-mtP250S-flag,,,Mini Prep,AJM,AMP,,,,,,,
,,474,RCASBP(A)- p53 EF1a-ds-Red mp53-mtL35F-flag,,,Mini Prep,AJM,AMP,,,,,,,
,,475,RCASBP(A)- p53-IRES puro mp53-mtL35F-flag,,,Mini Prep,AJM,AMP,,,,,,,
,,476,RCASBP(A)- p53 EF1a-ds-Red mp53-mtM237R-flag,,,Mini Prep,AJM,AMP,,,,,,,
,,477,RCASBP(A)- p53-IRES puro mp53-mtM237R-flag,,,Mini Prep,AJM,AMP,,,,,,,
,,478,RCASBP(A)- p53 EF1a-ds-Red mp53-mtK291N-flag,,,Mini Prep,AJM,AMP,,,,,,,
,,479,RCASBP(A)- p53-IRES puro mp53-mtK291N-flag,,,Mini Prep,AJM,AMP,,,,,,,
,,480,FG12 CMV GFP HA-KIAA1549:BRAF clone#A,-20°C,582.9ng/µL,,CS,AMP,,,,,,,
,,481,FG12 CMV GFP HA-KIAA1549:BRAF clone#B,-20°C,590.0ng/µL,,CS,AMP,,,,,,,
,,482,FG12 CMV GFP HA-BRAF KD clone#3,-20°C,638.1ng/µL,,CS,,,,,,,,
,,483,pDEST FG12-cmv from clone5 original 10/1/10,,719ng/µL,,MVB,AMP/CHLOR,,,,,,,
,,484,RCASBP(A) BRAF KD,,275?,,JR,AMP,,,,,,,
,,485,pCR8 KIAA:BRAF Kex16  10/13/10,-20°C,823ng/µL,,AJM,SPEC,,,,,,,
,,486,RCAN TRE-NRAS(Q61R)-IRES-Cre  11/13/13,,304.4ng/µL,Maxi Prep,JC,AMP,,,,,,,
,,487,FG12 GFP C-KIT WT,-20°C,?56ng/µL,,JR,AMP,,,,,,,
,,488,RCAS MEK 5/28/09,-20°C,160ng/µL,,AJM,AMP,,,,,,,
,,489,pCR8 CRE,,123.32ng/µL,,GR,,,2/1/2013,,,,,
0490-pDest 12-2 CRE.dna,yes,490,pDest 12-2 CRE,,164ng/µL,,JR,,,,,,,,
,,491,RCAS FAM BRAF V600E,,130ng/µL,,JR,,,,,,,,
,,492,RCAS HA VD V5 V600E,,100ng/µL,,JR,,,,,,,,
,,493,RCAS BRAF KD HA V600E,,70ng/µL,,JR,,,,,,,,
,,494,RCAS BRAF V5 V600E,,90ng/µL,,JR,,,,,,,,
,,495,RCASBP (A) WT IDH2-HA (human),,122ng/µL,,GR,,,,,,,,Removed RCAS BP(A) WT IDH2
,,496,PCR8 IDH1 WT HA?,,490ng/µL,,JR,,,,,,Out. Find more at 603. Inconclusive for HA-tag M13R Primer failed GR 2Nov12,,
,,497,PCR8 IDH1 mutant HA,,98.908ng/µL,,GR,,,,,,Confirmed HA-tagged by SEQ GR 2Nov12,,
,,498,pDest FG12 AKT ,,328ng/µL,,JR,,,,,,,,
,,500,a:  RCAS BP(A) IDH1 R132H;  b:  RCAS BP(A)?,,"180ng/µL, 280ng/µL",,JR,,,,,,a:  Seq confirms mutation. Seq for tag failed 5/4/12 GR/JR;  b:  SEQ failed  5/4/2012 GR/JR but did sequence through vector,,
,,501,RCAS IDH-1 wt HA tag,,535ng/µL,,EM,,,,,,Seq confirmed 5/4/2012 GR/JR,,
,,502,pDest 12-2 CRE,,801.4ng/µL,,JR,,,,,,,,
,,503,pShuttle IDH-1Mutant GFP,,519.1ng/µL,,JR,,,,,,,,
,,504,RCASBP (A) IDH1 R132H HA (human),,166ng/µL,,JR,,,,,,"Seq confirmed 5/4/2012 GR/JR, confirmed 11/15/17, MS",,
,,505,RCASBP (A) IDH2 Mutant-HA,,78ng/µL,Mini Prep,EM,,,,,,"Seq confirmed 5/4/2012 GR/JR, HA tagged",,
,,506,pEFM- EGFP- V5,,800ng/µL,,JR,,,,,,,,
,,507,RCAN TRE BRAF V600E V5 HIS,,180ng/µL,,,,,,,,expression confirmed; activates ERK,,
,,508,RCAN TRE BRAF V600E MYC HIS TAG,,145ng/µL,,AJM,,,,,,,,
,,509,pDEST12-2 KIAA STOP ,,984ng/µL,,JR,,,,,,,,
,,510,FG12 KIAA STOP,,44.3ng/µL,,JR,,,,,,,,
,,511,RCASBP(A)-Fam 131B BRAF w/t,,60 ng/µL,,JR,,,,,,,,
,,512,RCAS BPA IDH2 HA R172K,,296.4ng/µL,,JR,,,,,,"Seq confirmed 5/4/2012 GR/JR, HA tagged",,
,,513,FG12 dsRED dsRED CKIT HA,,24.7ng/µL,,JR,,,,,,,,
0514-RCAS y DV(A) MMP9.dna,yes,514,PENTR 3C-TRE-KRAS MINI,,,,JR,,,,,,,,
,,515,RCAS y DV(A) MMP9,,57.5ng/µL,,JR,,,,,,,,
,,516,RCAS BPA KRAS-HA (HUMAN) ,,50ng/µL,,JR,,,,,,,,
,,517,RCAN BPA TRE KRAS HA (HUMAN),,120ng/µL,,JR,,,,,,,,
,,518,FG12 DSRED MHGFX,,59.4ng/µL,,JR,,,,,,,,
,,519,FG12 CKIT (GFP),,225ng/µL,,JR,,,,,,,,
,,520,RCAS y DV(A) NRAS(Q61R) (HA) IRES CRE,,150µg/mL,,JR,,,,,,,,
,,521,PDEST FG12 CMV,,239ng/µL,,GR,,,,,,Maxi done 10/5/16 by SS - BUT NO GFP detected in transient transfection as tube was initially labelled to contain GFP. Digest showed correct size.,,
,,522,FG12 NO GFP+CMV,,100ng/µL,Mini Prep,,,,,,,,,
,,523,PDEST FG12 NO PROMOTER/ NO GFP ,,100ng/µL,Mini Prep,,,,,,,,,
,,524,PDEST FG12- NO PROMOTER -DSRED,,572ng/µL,Mini Prep,,,,,,,,,
,,525,pDEST FG12AKT1,,988.9ng/µL,,LS,,,4/2/2010,,,,,
,,526,RCAN Y DV (A) TRE KRAS,,158ng/µL,,LS,,,3/3/2010,,,,,
,,527,RCAS BP Y DV (A) AKT1 M-HA,,140ng/µL,,LS,,,3/3/2010,,,,,
,,528,RCAS BP Y DV (A) ,,176ng/µL,,LS,,,3/3/2010,,,,,
,,529,RCAS TYROSINASE,,91ng/µL,,LS,,,,,,,,
,,530,Pdest FG12 Mbrca 1 ,,568ng/µL,,LS,,,5/18/2010,,,,,
,,531,RCAS Y BP DV (A) LXCL12,,340.9ng/µL,,LS,,,,,,,,
,,532,RCAS BP Y DV (A) CCL7,,147ng/µL,,LS,,,11/23/2010,,,,,
,,533,Pdest fg12 ccl7,,871.9ng/µL,,LS,,,4/15/2011,,,,,
,,534,pDest FG12 CXCL12,,392ng/µL,,LS,,,10/7/2011,,,,,
,,535,hBRCA1 clone 2,,772ng/µL,,LS,,,5/27/2010,,,,,
,,536,hBRCA1 HA clone 4,,520ng/µL,,LS,,,5/27/2010,,,,,
,,537,FG12 dsRED V5MMP1a,,556.8ng/µL,,AJM,,,,,,expression unconfirmed,,
,,538,FG12 dsRED V5MMP10,,1096.6ng/µL,,AJM,,,,,,expression unconfirmed,,
,,539,FG12 dsRED V5MMP15,,1138.7ng/µL,,AJM,,,,,,expression unconfirmed,,
,,540,RCAS y DV(A) V5MMP1a,,260.4,,AJM,,,,,,expression confirmed by WB,,
,,541,RCAS y DV(A) V5MMP15,,137.8,,AJM,,,,,,expression confirmed by WB,,
,,542,RCAS y DV(A) myc-hIRE1α WT,,538.5,,AJM,,,,,,"expression unconfirmed, Wrong",,
,,543,RCAS y DV(A) myc-hIRE1α P830L,,459,,AJM,,,,,,"expression unconfirmed, Wrong",,
,,544,RCAS y DV(A) myc-hIRE1α Q780*,,387.4,,AJM,,,,,,"expression unconfirmed, Wrong",,
,,545,RCAS y DV(A) myc-hIRE1α S769F,,404.6,,AJM,,,,,,"expression unconfirmed, Wrong",,
,,546,PDEST CMV FG12 FAM BRAF 1316 312 VE,,685.6ng/µL,,EM,,,,,,,,
,,547,PDEST CMV FG12 FAM BRAF 1316 WT,,358.6ng/µL,,EM,,,,,,,,
,,548,RCAS Y DVA NRAS Q61R HA,,,Mini Prep,JR,,,,,,,,
,,549,HIF1 PCDUS 3.1,,,,JR,,,,,,,,
,,550,RCAS BP (A) WT IDH2 - DOES NOT EXPRESS,,,,EM,,,,,,"Seq 5/4/2012 GR/JR Seq failed with 10550 primer. Has HA tag, Do Not Use",,
,,551,RCAS BP A IDH1 WT  HA (human),,298.7ng/µL,,EM,,,,,,"Seq confirmed 5/4/2012 GR/JR, confirmed 11/15/17, MS",,
,,552,pCR8/GW/TOPO hIREα wt ,,100ng/µL,,,,,,,Gift,,,
,,553,pCR8/GW/TOPO hIREα S769F ,,100ng/µL,,,,,,,Gift,,,
,,554,pCR8/GW/TOPO hIREα Q780,,100ng/µL,,,,,,,Gift,,,
,,555,pCR8/GW/TOPO hIREα P830L,,100ng/µL,,,,,,,Gift,,,
,,556,RCASBP(A) hIREα Q780,,172ng/µL,,JR,,,,,,"works, correct",,
,,557,RCASBP(A) hIREα P830L,,250ng/µL,,JR,,,,,,"works, correct",,
,,558,FG12 cmv ds red bmfHA,,,,,,,,,,,,
,,559,pCR8/GW/TOPO hIREα R635W,,643ng/µL,,,,,,,Gift,correct,,
,,560,RCASBP(A) v5MMP10 ,,268.1,,AJM,,,,,,,,
,,561,pCR blunt II topo MMP1a  cdna,,,,AJM,,,,,,,,
,,562,pCR blunt II topo MMP10 cdna,,,,AJM,,,,,,,,
,,563,PCMV sport 6 MMP15,,,,LS,,,,,,,,
,,564,PCR8 BRCA1 T1691A,,,,LS,,,,,,,,
,,565,FG12 BRCA1 T1691A no gfp,,,,LS,,,,,,,,
,,566,RCASBP(A) mBRAF v5 his,,,,LR by LS for JR,,Mouse,,,,"Mouse BRAF start /MIKL middle/ Human KD V600E/ V5 HIS tags, WB for V5 on 053017 showed NO V5 signal in DF1s transfected with this construct, but V600E was positive via WB for VE BRAF (MS & SS)",,
,,567,FG12  mBRAF his no GFP,,500ng/µL,,LS,,,,,,,,
,,568,FG12 hIRE1a WT NO GFP,,,,LS,,,,,,,,
,,569,FG12 NO GFP hIRE1a Q780,,,,LS,,.,,,,,,
,,570,FG12 NO GFP hIRE1a P830L,,,,LS,,,,,,,,
,,571,FG12 NO GFP hIRE1a  S769F,,,,LS,,,,,,,,
,,572,RCANBP(A) H1-IDH1 ShRNA 1,,,,LS,,,,,,,,
,,573,RCANBP(A) H1-IDH1 ShRNA 2,,,,LS,,,,,,,,
,,574,RCANBP(A) H1-IDH1 ShRNA 3,,,,LS,,,,,,,,
,,575,RCANBP(A) H1-IDH1 ShRNA 4,,,,LS,,,,,,,,
,,576,RCANBP(A) H1-HGDH-L2 ShRNA 1,,,,LS,,,,,,,,
,,577,RCANBP(A) H1-HGDH-L2 ShRNA 2,,,,LS,,,,,,,,
,,578,RCANBP(A) H1-HGDH-L2 ShRNA 3,,,,LS,,,,,,,,
,,579,RCANBP(A) H1-HGDH-D2 ShRNA 1,,,,LS,,,,,,,,
,,580,RCANBP(A) H1-HGDH-D2 ShRNA 2,,,,LS,,,,,,,,
,,581,RCANBP(A) H1-HGDH-D2 ShRNA 3,,,,LS,,,,,,,,
,,582,RCANBP(A) shRNA IDH1 type1 JR,,70ng/µL,,JR,,,,,,,,
,,583,RCANBP(A) shRNA IDH1 type2 JR,,100ng/µL,,JR,,,,,,,,
,,584,RCANBP(A) shRNA IDH1 type3 JR,,100ng/µL,,JR,,,,,,,,
,,585,PENTR H1 shRNA IDH1 type1 JR,,,Mini Prep,JR,,,,,,,,
,,586,PENTR H1 shRNA IDH1 type2 JR,,,Mini Prep,JR,,,,,,,,
,,587,FG12 mBRAF GFP,,524.9ng/µL,,JR,,,,,,?,,
,,588,FG12 mBRCA GFP,,776.1ng/µL,,LS ,,,,,,Wrong,,
,,589,RCASBP(A) hIRE1α S769F,,100ng/µL,,JR,,,,,,correct,,
,,590,RCASBP(A) hIRE1α wt,,158ng/µL,,JR,,,,,,correct,,
,,591,RCASBP(A) hIRE1α R635W,,71.8ng/µL,,JR,,,,,,correct,,
,,592,RCASBP (A) TET OFF IRES CRE,,200ng/µL,,JR,,,,,,WB,,
,,593,RCASBP (A) P16 (mutant x3) expresses well,,71ng/µL,Maxi Prep,JR,,,,,,WB,,
,,594,RCAN TRE-BRAF v600e-V5 only new ,,120ng/µL,,JR,,,,,,WB+TET,,
,,595,RCASBP(A) myr-AKT-HA del11-60  jr,,50ng/µL,Maxi Prep,JR,,,,,,WB,,
,,596,Ori pENTR TRE-BRAF- V600E MYC HIS ,,200ng/µL,,JR,,,,,,WB+TET,,
,,597,FG12 cmv IDH1-HA R132H gfp,,950ng/µL,,GR,AMP,,,,,,,
,,598,FG12 cmv IDH1-HA wt rfp,,500ng/µL,,JR,,,,,,WB,,
,,599,FG12 cmv IDH1 wt NO TAG ,,650ng/µL,,JR,,,,,,,,
,,600,pcr8 IDH1 R132H no tag\,,60ng/µL,,JR,,,,,,,,
0601-RCASBP(A) P16-WT-IRES_CRE.dna,yes,601,RCASBP(A) IDH1 R132H HA (Human),,120ng/µL,,JR,,,,,,Seq confirmed 5/4/2012 GR/JR,,
0602-RCASBP(A) FLAG-P16-WT-IRES_CRE.dna,yes,602,RCASBP(A) P16-WT-IRES_CRE,,250ng/µL,,JR,,,,,,SEQ,,
0603-PCR8 IDH1wt HA.dna,yes,603,RCASBP(A) FLAG-P16-WT-IRES_CRE,,150ng/µL,,JR,,,,,,SEQ,,
,,604,PCR8 IDH1wt HA,,695.089ng/µL,,GR,,,,,,Seq confirmed 5/4/2012 GR/JR,,
,,605,RCANBP(A) CMV/TO DV ,,110ng/µL,Maxi Prep,JR,AMP/CHLOR,,,,Eric Huang,,,
,,606,pENTR3C-P16-WT-IRES_CRE,,~100ng/µL,,JR,,,,,,seq,,
0607-pENTR201-H1-shGAPDH.dna,yes,607,pENTR3C-Flag-P16-WT-IRES_CRE,,~100ng/µL,,JR,,,,,,seq,,
,,608,pENTR201-H1-shGAPDH,,~25ng/µL,Mini Prep,JR,KAN,,,,,,,
,,609,RCANBP(A)H1-shGAPDH,,125ng/µL,,JR,AMP,,,,,,,
,,610,RCANBP(A)TRE-HA-BRAF KD V600E,,240ng/µL,,JR,,,,,,,,
,,611,RCANBP(A)TRE-HA-BRAF KD WT,,240ng/µL,,JR,,,,,,,,
,,612,pENTR 3C-NRAS(HA)Q61R IRES GFP,,,Mini Prep,Matt VanBrocklin,KAN,,,,,,,
0613-pTRIPZ-RFA-DV.dna,yes,613,,,,,,,,,,,,,
,,614,pTRIPZ-RFA-DV,,0.4µg/µL,,JR,Amp/Chloramphenicol,,,,,,,
,,615,pENTR3C-FLAG-p16wt-IRES-GFP,,,Mini Prep,JR,KAN,,,,,,,
,,616,pTRIPZ-FLAG-p16wt-IRES-GFP,,0.15µg/µL,,JR,AMP,,,,,,,
,,617,pCR8-Cre-RFA (forward orientation),,,Mini Prep,Aaron Rodgers,KAN,,,,,,,
,,618,pCR8-Cre-RFB (forward orientation),,,Mini Prep,Aaron Rodgers,KAN,,,,,,,
,,619,pCR8-Cre-RFC.1 (forward orientation),,,Mini Prep,Aaron Rodgers,KAN,,,,,,,
,,620,pCR8-Cre-RFC.1 (reverse orientation),,,Mini Prep,Aaron Rodgers,KAN,,,,,,,
,,621,RCAS-Cre-RFA (forward orientation),,.13µg/µL,,Aaron Rodgers,AMP,,,,,,,
,,622,RCAS-Cre-RFB (forward orientation),,.10µg/µL,,Aaron Rodgers,AMP,,,,,,,
,,623,RCAS-Cre-RFC.1 (forward orientation),,.12µg/µL,,Aaron Rodgers,AMP,,,,,,,
,,624,pENTR3C-H1-shCtrl,,,Mini Prep,Aaron Rodgers,KAN,,,,,,,
,,625,pENTR3C-H1-Arf6-496,,,Mini Prep,Aaron Rodgers,KAN,,,,,,,
,,626,RCASBP(A) HS.AKT1 _FLAG ,,1.2µg/µL,,JR,AMP,,,,Wei Zhang,,,
,,627,RCASBP(A) HS.myr-AKT1 _FLAG ,,1µg/µL,,JR,AMP,,,,Wei Zhang,,,
,,628,RCASBP(A) HS.AKT2 _FLAG ,,0.82µg/µL,,JR,AMP,,,,Wei Zhang,NEW correct ori,,
,,629,RCASBP(A) HS.myr-AKT2 _FLAG ,,386ng/mL,Maxi Prep,DK,AMP,,9/2/2015,,Wei Zhang,,,
,,630,RCASBP(A) HS.AKT3 _FLAG ,,0.629µg/µL,,RG,AMP,,2/5/2015,,Wei Zhang,,,
,,631,RCASBP(A) HS.myr-AKT3 _FLAG ,,87.6µg/µL,,JR,AMP,,8/9/2016,,Wei Zhang,,,
,,632,Pdest 12.2 CMV-loxp RFP-STOP-loxp GFP,,333ng/µL,,MVB,,,,,,,,
,,633,RCAN-X-TzTRE-(DV) (ENV A),,250ng/µL,,MVB,Amp/Chloramphenicol,,,,,TRE from pTRIPZ is upstream of RFC.1 (WORKS with transient transfection but does not seem to work with infections),,retrans & maxipreped by JR cuts correct Age1 Sal1 Sma1 BsrG1 mini prep was very low quality
,,634,RCAN-X pTRIPZ-TRE-eGFP,,178.3ng/µL,,GR,AMP,,,,,"Note: the expression from this generation of TRE is not sufficent therefore see plasmid #639, SEQ confirmed GR",,
,,635,pENTR 201 Ms BRAF VE V5,,100ng/µL by gel,,JR,KAN,,,,,,,
,,636,RCAN-X TzMsBRAF VE V5 ,,150ng/µL,,JR,AMP,,,,,,,
,,637,RCAN-Z TzTRE HsBRAF V600E Myc HIS6 V5,,170ng/µL,,JR,AMP,,,,,,,
,,638,RCAS BP (M) RFC.1  Clone #2,,363.3ng/µL,Maxi Prep,GR,AMP,,11/1/2012,,,,,
,,639,pENTRY-H2BRFP_p2a_Mitf,,100ng/µL,,LL,KAN,,,,,Mini prep cut with BamH1 (3501/1182)  and BSRG1 (2199 2005 312 165) to confrim,,
0640-RCANBP(A)xTRE2 GFP.dna,yes,640,RCANBP(A)xTRE2(DV),,190ng/µL,,JR,AMP/Chlor,,,,,"Cut with BSRG1,  NCO1 and KPN1 to check", Note: The TRE element in this vector is outside of the gateway cassette.,
,,641,RCANBP(A)xTRE2 GFP,,140ng/µL,,JR,AMP,,,,,Expresses with TET OFF,,
,,642,RCANBP(A)xTRE2 Flag-P16 IRES CRE,,160ng/µL,,JR,AMP,,,,,Expresses with TET OFF,,
,,643,RCANBP(A)xTRE2 Flag-P16 IRES GFP,,90ng/µL,,JR,AMP,,,,,Expresses with TET OFF,,
,,644,,,,,,,,,,,,,
,,645,RCASBP (M) WT IDH1-HA (Human),,253ng/µL,,GR,AMP,,,,,,,
,,646,pCR8 WT IDH2-HA (Human),,,,GR,SPEC,,,,,,,
,,647,RCASBP (A) IDH1 R132H-HA (Mouse),,67.4ng/µL,,GR,AMP,,,,,,,
,,648,RCASBP (A) WT IDH1-HA (Mouse),,88.1ng/µL,,GR,AMP,,,,,,,
,,649,RCAS BP (M) IDH1 R132H-HA (Human),,284.9ng/µL,,GR,AMP,,,,,,,
,,650,RCASBP (A) WT IDH2 (Human) No Tag,,369.5ng/µL,,GR,AMP,,,,,,,
,,651,RCASBP (M) Cre ,,441ng/µL,,GR,AMP,,,,,Cut with BSRG1 to confirm,,
0652-RCANBP(A)xTRE2 msBRAF-VE.dna,yes,652,pDONR 201 IDH2 R172K-HA (Human),,132.97ng/µL,,GR,Kan,,,,,Cut with NheI to confirm,,
,,653,RCANBP(A)xTRE2 msBRAF-VE,,160ng/µL,,JR,AMP,,,,,Cut with BSRG1 & ECOR1 to confirm,,
,,654,pLENTI6 Blockit M2 (shRNA against Met),,309µg/µL,,MVB,AMP,,,,Merck,,,
,,655,pLENTI6 Blockit Luc (shRNA against Luciferase),,218µg/mL,,MVB,AMP,,,,Merck,,,
,,656,RCANBP(A)xTRE2 WT IDH1-HA (human),,300ng/µL,,GR,AMP,,,,,,,
,,657,RCANBP(A)xTRE2 IDH1 R132H-HA (human),,400ng/µL,,GR,AMP,,,,,,,
,,658,FG12 CMV WT IDH2-HA (human) RFP ,,492ng/µL,,GR,AMP,,,,,,,
,,659,FG12 CMV IDH2 R172K-HA (human) GFP ,,1028.4ng/µL,,GR,AMP,,,,,,,
0660-RCASBP(A)myrAKT3-P2a-CRE.dna,yes,660,FG12-TRE-BRAF-V600E (no GFP),,800ng/µL,,JR,AMP,,,,,Sequenced ,,
,,661,RCASBP(A)myrAKT3-P2a-CRE,,400ng/µL,,JR,AMP,,,,,Sequenced ,,
,,662,pTRIPZ shRNA ATRX V3THS_375690,,1063ng/µL,,GR,AMP,,,,,,,
,,663,pTRIPZ shRNA ATRX V3THS_201895,,953ng/µL,,GR,AMP,,,,,,,
,,664,pDEST 12.2 WT IDH1-ProTEV-VN173,,648ng/µL,,GR,AMP,,,,,,,
,,665,pDEST 12.2 WT IDH1-ProTEV-VC155,,774ng/µL,,GR,AMP,,,,,,,
,,666,pDEST12.2 VC155-ProTev-WT IDH1,,1256ng/µL,,GR,AMP,,,,,,,
0667-pDEST12.2.gb,yes,667,pDEST12.2 VN173-ProTev-WT IDH1,,1180ng/µL,,GR,AMP,,,,,,,
,,668,pDEST12.2 ,,914.2ng/µL,,MG,Amp/Chlor,,,,,,,
,,669,pDEST12.2 VC155-ProTev-IDH1 R132H,,1186.7ng/µL,,MG,AMP,,,,,,,
,,670,pDEST 12.2 IDH1 R132H-ProTEV-VN173,,627.5ng/µL,,MG,AMP,,,,,,,
,,671,pDEST12.2 VN173-ProTev-IDH1 R132H,,1369.1ng/µL,,MG,AMP,,,,,,,
,,672,pDEST 12.2 IDH1 R132H-ProTEV-VC155,,825.9ng/µL,,MG,AMP,,,,,,,
,,673,RCASBP(A) EGFRWT-HA,,175ng/µL,,JR,AMP,,,,,,,
,,674,RCASBP(A) IDH1 R132H- no tag,,425ng/µL,,GR,AMP,,,,,,,
,,675,pDEST12.2 IDH2 R172K-ProTEV-VN173,,1805ng/µL,,GR,AMP,,,,,,,
,,676,pDEST12.2 IDH2 R172K-ProTEV-VC155,,1428ng/µL,,GR,AMP,,,,,,,
,,677,pDEST12.2 VN173-ProTev-IDH2 R172K,,1743ng/µL,,GR,AMP,,,,,,,
,,678,pDEST12.2 VC155-ProTev-IDH2 R172K,,1435ng/µL,,GR,AMP,,,,,,,
,,679,pDEST12.2 WT IDH2-ProTEV-VC155,,1022ng/µL,,MG,AMP,,,,,,,
,,680,pDEST12.2 VN173-ProTev-WT IDH2,,990ng/µL,,MG,AMP,,,,,,,
,,681,pDEST12.2 VC155-ProTev-WT IDH2,,1122ng/µL,,MG,AMP,,,,,,,
,,682,pCR8-myr-AKT3-2A-NLS-Cre,,290ng/µL,,CS,SPEC,,,,,,,
,,683,pDEST12.2 WT IDH2-ProTEV-VN173,,820ng/µL,,GR,AMP,,,,,,,
,,684,RCASBP(A)-myr-AKT3-2A-NLS-Cre,,80ng/µL,,CS,AMP,,,,,,,
0685-pcDNA3.1-ProHB-EGF-CS.gb,yes,685,pDONR-PDGFA,,112ng/µL,,CS,Kan,,,,Genecopoeia,,,
,,686,pcDNA3.1-ProHB-EGF-CS,,511ng/µL,,CS,AMP,,,,Addgene 11601,,,
,,687,RCASBP(A)-PDGFA,,370ng/µL,,CS,AMP,,,,,,,
,,688,RCASBP(A)-PDGFB,,205ng/µL,,CS,AMP,,,,,,,
,,689,RCASBP(A)-proHB-EGF-CS,,404ng/µL,,CS,AMP,,,,,,,
,,690,RCASBP(A)-hu-IL17A-HA,,350ng/µL,,JR,AMP,,,,,"myr-FLAG ??.... I believe (DK) -- Yes, SH says myrFLAG",,
,,691,RCAS y DV (A) AKT chimera 2KR3PL ,,372.5ng/µL,Maxi Prep,JC,AMP,,,,,"from clone 1; 260/280 = 1.94, myr-FLAG ??.... I believe (DK) -- Yes, SH says myrFLAG",,
,,692,RCAS y DV (A) AKT chimera 2PKR3L   ,,517.4ng/µL,Maxi Prep,JC,AMP,,,,,"from clone 1; 260/280 = 1.94, myr-FLAG ??.... I believe (DK) -- Yes, SH says myrFLAG",,
,,693,RCAS y DV (A) AKT3 E17K w/o HA tag; Don't use,,167.3ng/µL,Maxi Prep,JC,AMP,,,,,from clone 6,,
,,694,RCAS y DV (A) AKT chimera 3KR2PL,,177ng/µL,Maxi Prep,RG,AMP,,,,,"from clone 1, myr-FLAG ??.... I believe (DK) -- Yes, SH says myrFLAG",,
,,695,RCAS y DV (A) TetOff-P2A-NLS-myc-Cre,,97.6ng/µL,Maxi Prep,JC,AMP,,,,,from clone 1; 260/280 = 1.86,,
,,696,RCASyDV/C-HA E17KAKT3 w/ HA tag,,303.5ng/µL,Maxi Prep,JC,AMP,,,,,from clone 2 of TOP10 grown; 260/280 = 1.90,,
,,697,pDEST12.2 WT IDH1-HA (human),,494.4ng/µL,,MG,AMP,,,,,,,
,,698,pDEST12.2 IDH1 R132H-HA (human),,601.5ng/µL,,GR,AMP,,,,,,,
,,699,pDEST12.2 IDH1 R132H-no tag (human),,527.9ng/µL,,MG,AMP,,,,,,,
,,700,pDEST12.2 WT IDH1-HA (mouse),,358ng/µL,,GR,AMP,,,,,,,
,,701,pDEST12.2 IDH1 R132H-HA (mouse),,514ng/µL,,GR,AMP,,,,,,,
,,702,pDEST12.2 WT IDH2-HA,,1207.4ng/µL,,MG,AMP,,,,,,,
,,703,pDEST12.2 IDH2 R172K-HA,,1298.9ng/µL,,MG,AMP,,,,,,,
,,704,HsPTRIPZ ShRNA IDH1 (I-E-07),,1269.5ng/µL,,GR,AMP,,,,,V2THS-217815,,
,,705,HsPTRIPZ ShRNA IDH2 (I-E-06),,811.5ng/µL,,GR,AMP,,,,,V2THS-238370,,
,,706,RCASBPyDV(A) HA-E17K_AKT3,,152.2ng/uL,Maxi Prep,JC,AMP,,,,,from clone 6; 260/280 = 1.88,,
,,707,RCASBP(A) VN173-WT IDH1,,1046ng/µL,,MG,AMP,,,,,,,
,,708,RCASBP(A) VC155-WT IDH1,,883.5ng/µL,,MG,AMP,,,,,,,
,,709,RCASBP(A) VN173-IDH1 R132H,,528ng/µL,,MG,AMP,,,,,,,
,,710,RCASBP(A) VC155-IDH1 R132H,,1086.5ng/µL,,MG,AMP,,,,,,,
,,711,pDEST12.2 VN173-WTIDH1-VC155,,1148ng/µL,,MG,AMP,,,,,,,
,,712,pcDNA3.1-ProHB-EGF-WT,,263ng/µL,,CS,AMP,,,,Addgene 11600,,,
,,713,pcDNA3.1-ProHB-EGF-NC,,938ng/µL,,CS,AMP,,,,Addgene 11605,,,
,,714,pT3.5-CMV-EGFRvIII (Ohlfest),,954ng/µL,,CS,AMP,,,,Addgene 20280,,,
,,715,RCASBP(A)-proHB-EGF-NC,,503gn/µL,,CS,AMP,,,,,,,
,,716,RCASBP(A)-proHB-EGF-WT,,515ng/µL,,CS,AMP,,,,,,,
,,717,RCASBP(A)-EGFRvIII (Ohlfest),,502ng/µL,,CS,AMP,,,,,,,
,,718,RCASBP(A) HA-ERK1L92P/S170D/D338N,,280ng/µL,,JR,AMP,,,,,IP JR,,
,,719,RCASBP(A) HA-ERK2L75P/S153D/D321N,,500ng/µL,,JR,AMP,,,,,IP JR,,
,,720,RCASBP(A) p53R273L-Ires-Cre,,621ng/µL,,GR,AMP,,,,,,,
,,721,RCASBP(A) p53R273L_3xFlag-Ires-Cre,,670 ng/µL,,GR,AMP,,,,,,,
,,722,p59 (from MVB) Rev retrovirus packaging,,512ng/µL,,CS,AMP,,,,,,,
,,723,p60 (from MVB) VSVG-Env retrovirus packaging,,750ng/µL,,CS,AMP,,,,,"Another was tube made of this and is in the last slot of the newest plasmid box, it is 856 ng/µL, made 9/14/17 by SS",,
,,724,p61 (from MVB) GagPol retrovirus packaging,,521ng/µL,,CS,AMP,,,,,,,
,,725,pcB6 WTA VCT (from MVB),,1000ng/µL,,CS,AMP,,,,,,,
0726-RCANBP(A) TRE2-myr-HA-AKT3.dna,yes,726,FG12 CMV HS (Human) BRAF V600E GFP,,488ng/µL,,JR,,,,,,,,
,,727,RCANBP(A) TRE2-myr-HA-AKT3,,353ng/µL,,DK,AMP,,,,,Leaks in C3s and A375-TVAs w/dox,,
,,728,pCR8 GW/Topo myr-HA-AKT3,,78ng/µL,,DK,SPEC,,,,,,,
,,729,pORFexpressShuttle_GranzymeM_NM_005317.3,,139ng/µL,,CS,KAN,,,,Genecopoeia GC-F0627,,,
,,730,pMK-attB-iLOV_CMV-3xFLAG-TetOff-p2A-NLS-Myc-Cre,,506ng/µL,,CS,KAN,,,,Invitrogen Geneart,,,
,,731,pTRIPZ-attB-iLOV_CMV-3xFLAG-TetOff-p2A-NLS-Myc-Cre [PICTC],,1280ng/µL,,CS,AMP,,,,,,,
,,732,pTRIPZ-attB-iLOV_CMV-3xFLAG-TetOff [PICT],,643ng/µL,,CS,AMP,,,,,,,
,,733,pDONOR-221_HA-hBRAFv600e (no myc/his),,451ng/µL,,CS,KAN,,,,,,,
,,734,pTRIPZ-DV-CMV-3xFLAG-TetOff-p2A-NLS-Myc-Cre [TzTOC DV] [formerly known as PDCTC],,173ng/µL,,CS,Amp/Chlor,,,,,do maxiprep manually,,
0735-FG12 CMV MET-3xFlag (GFP).dna,yes,735,pTRIPZ-DV-CMV-3xFLAG-TetOff [TzTO DV] [formerly known as PDCT],,257ng/µL,,CS,Amp/Chlor,,,,,do maxiprep manually,,
0736-RCAS METx3Flag.dna,yes,736,FG12 CMV MET-3xFlag (GFP),,950ng/µL,,JR,AMP,,,,,Not infectious,,
,,737,RCAS METx3Flag,,357ng/µL,,JR,AMP,,,,,,,
,,738,pDONOR-221_iLOV,,574ng/µL,,CS,KAN,,,,,,,
,,739,pTRIPZ-HA-hBRAFv600e-CMV-3xFLAG-TetOff-p2A-NLS-Myc-Cre [TzTOC-BRAF] [formerly known as PBCTC],,530ng/µL,110ng/µL,CS,AMP,,,,,do maxiprep manually,,
,,740,pTRIPZ-HA-hBRAFv600e-CMV-3xFLAG-TetOff [TzTO-BRAF] [formerly known as PBCT],,470ng/µL,248ng/µL,CS,AMP,,,,,do maxiprep manually,,
,,741,psPAX2 (from JR),,580ng/µL,,CS,AMP,,,,,,,
,,742,RCANBP(A) TZTRE-myr-HA-AKT3 (clone 6),,157ng/µL,,DK,AMP,,,,,non-functional,,
,,743,pCR8 GW/Topo GranzymeM Var2wt,,409ng/µL,,DK,SPEC,,,,,Isoform 2 wt,,
,,744,pCR8 GW/Topo GranzymeM Var1stop,,308ng/µL,,DK,SPEC,,,,,Isoform 1 trunc mut,,
,,745,pCR8 GW/Topo GranzymeM Var2stop,,282ng/µL,,DK,SPEC,,,,,Isoform 2 trunc mut,,
,,746,FG12-cmv GranzymeM Var1wt,,137ng/µL,,DK ,AMP,,,,,Isoform 1 wt (validated),,
,,747,FG12-cmv GranzymeM Var2wt,,1526ng/µL,,DK ,AMP,,,,,Isoform 2 wt (non-functional),,
,,748,FG12-cmv GranzymeM Var1stop,,400ng/µL,,DK,AMP,,,,,Isoform 1 trunc mut (validated),,
,,749,FG12-cmv GranzymeM Var2stop,,975ng/µL,,DK,AMP,,,,,Isoform 2 trunc mut (non-functional),,
,,750,pDONOR-221_HA-BRAF-KDwt,,127ng/µL,,CS,KAN,,,,,,,
,,751,pDONOR-221_HA-BRAF-KDve,,149ng/µL,,CS,KAN,,,,,,,
,,752,pDONOR-221_TRE-HA-BRAF-KDwt,,145ng/µL,,CS,KAN,,,,,,,
,,753,pDONOR-221_TRE-HA-BRAF-Kdve,,208ng/µL,,CS,KAN,,,,,,,
,,754,pTRIPZ-HA-BRAF-KDwt-CMV-3xFLAG-TetOff-p2A-NLS-Myc-Cre [TzTOC-KDwt] [formerly known as PBKwCTC],,443ng/µL,,CS,AMP,,,,,do maxiprep manually,,
,,755,pTRIPZ-HA-BRAF-KDve-CMV-3xFLAG-TetOff-p2A-NLS-Myc-Cre [TzTOC-KDve] [formerly known as PBKvCTC],,495ng/µL,,CS,AMP,,,,,do maxiprep manually,,
,,756,pDONOR-221 MET-3xFlag,,879ng/µL,,DK,KAN,,,,,Shuttle ,,
,,757,RCANBP(A) TZTRE-myr-HA-AKT3 (clone 4),,37ng/µL,,DK,AMP,,,,,non-functional,,
,,758,RCANBP(A) TZTRE-myr-HA-AKT3 (clone 5),,390ng/µL,,DK,AMP,,,,,non-functional,,
0759-pENTR FLAG-AKT1.dna,yes,759,pENTR223.1 Met (Mouse) (Gateway donor/master vector),,492ng/µL,,DK,SPEC,,,,,Shuttle ,,
0760-pENTR myr-FLAG-AKT1.dna,yes,760,pENTR FLAG-AKT1 ,,136ng/µL,,SH,KAN,Human,,,,,,
0761-pENTR FLAG-AKT2.dna,yes,761,pENTR myr-FLAG-AKT1 ,,526ng/µL,,SH,KAN,Human,,,,,,
0762-pENTR myr-FLAG-AKT2.dna,yes,762,pENTR FLAG-AKT2 ,,467ng/µL,,SH,KAN,Human,,,,,,
0763-pENTR FLAG-AKT3.dna,yes,763,pENTR myr-FLAG-AKT2,,673ng/µL,,SH,KAN,Human,,,,,,
0764-pENTR myr-FLAG-AKT3.dna,yes,764,pENTR FLAG-AKT3 ,,295ng/µL,,SH,KAN,Human,,,,,,
,,765,pENTR myr-FLAG-AKT3,,454ng/µL,,SH,KAN,Human,,,,,,
,,766,RCASBP y DV(A)-HA-E17K_Akt1,,73.0ng/µL,,"SS, AW",AMP,,,,,,,
,,767,"FG12-cmv Met-HA (Mouse), GFP",,400ng/µL,,DK,AMP,,,,,Verified (DK),,
,,768,RCASBP Met-HA (Mouse),,149ng/µL,,DK,AMP,,,,,Verified (GR),,
,,769,FG12 CMV CRE UBC mCherry (need to transform and prep),,833ng/µL,,MVB,,,,,,,,
,,770,pTRIPZ-CRE-CMV-3xFLAG-TetOff [TzTO-Cre] [formerly known as PCCT],,447ng/µL,,CS,AMP,,,,,"do maxiprep manually, LR-ed from MVB's pcr8-gw-Cre",,
,,771,pcDNA3.1-mADAM17,,385ng/µL,,CS,AMP,,,,Addgene 19141,,,
,,772,pRK5F-hTACE (ADAM17),,493ng/µL,,CS,AMP,,,,Addgene 31713,,,
,,773,pMD18T-hHBEGF,,123ng/µL,,CS,AMP,,,,Sino HG10325-M,,,
,,774,pMD18T-mHBEGF,,135ng/µL,,CS,AMP,,,,Sino MG50172-M,,,
,,775,pCMV6XL4-hEGF,,67ng/µL,,CS,AMP,,,,Origene SC127840,,,
,,776,plentiCRISPRv2-s11-EGFR,,205ng/µL,,CS,AMP,,,,Mutation Generation Core,,,
,,777,plentiCRISPRv2-s9-AXL,,534ng/µL,,CS,AMP,,,,Mutation Generation Core,,,
,,778,plentiCRISPRv2-s7-IDH1,,759ng/µL,,CS,AMP,,,,Mutation Generation Core,,,
,,779,plentiCRISPRv2-s24-IDH2,,713ng/µL,,CS,AMP,,,,Mutation Generation Core,,,
0780-psPAX2.gb,yes,780,pcB6 WTA delta513 (from MVB),,1282ng/µL,,CS,AMP,,,,,,,
,,781,psPAX2 ,,1776.9ng/µL,,KC,AMP,,,,Maxi-prepped from David Kircher's glycerol stock,,,
,,782,pVSVG (same as p60),,2463.9ng/µL,,KC,AMP,,,,Mutation Generation Core,,,
0783-pDONOR221-pro-HBEGF-CS-mychis.gb,yes,783,pTRIPZ TRE-myr-HA-AKT3-CMV-3xFLAG-TetOff-p2A-NLS-Myc-Cre [pTRIPZ MATOC],,613ng/µL,,DK,AMP,,,,,Validated, ,
,,784,pDONOR221-pro-HBEGF-CS-mychis,,220ng/µL,,CS,KAN,,,,,BP-ed ,,
,,785,pDONOR221-pro-HBEGF-WT-mychis,,319ng/µL,,CS,KAN,,,,,BP-ed ,,
,,786,pCR8-GW-TOPO-hHBEGF-FLAG,,160ng/µL,,CS,SPEC,,,,,,,
,,787,pCR8-GW-TOPO-hHBEGF (no tag),,158ng/µL,,CS,SPEC,,,,,,,
,,788,pCR8-GW-TOPO-mHbegf-HA,,131ng/µL,,CS,SPEC,,,,,,,
,,789,pCR8-GW-TOPO-mHbegf (no tag),,131ng/µL,,CS,SPEC,,,,,,,
,,790,pCR8-GW-TOPO-hEGF-HA,,396ng/µL,,CS,SPEC,,,,,,,
,,791,pCR8-GW-TOPO-hEGF (no tag),,339ng/µL,,CS,SPEC,,,,,,,
,,792,pCR8-GW-TOPO-mAdam17-FLAG,,168ng/µL,,CS,SPEC,,,,Addgene 19141,different from NM_009615,,
,,793,pCR8-GW-TOPO-mAdam17 (no tag),,348ng/µL,,CS,SPEC,,,,Addgene 19141,different from NM_009615,,
,,794,pCR8-GW-TOPO-hADAM17-HA,,228ng/µL,,CS,SPEC,,,,Addgene 31713,different from NM_003183,,
,,795,pCR8-GW-TOPO-hADAM17 (no tag),,384ng/µL,,CS,SPEC,,,,Addgene 31713,different from NM_003183,,
0796-FG12-CMV-mCherry.gb,yes,796,pMXs-hu-N-MYC,,600ng/µL,,BP,AMP,,,,,,,
,,797,FG12-CMV-mCherry,,519ng/µL,,CS,AMP,,,,,,,
,,798,pDEST12.2-loxP-dsRed2-STOP-loxP-eGFP,,620ng/µL,,CS,AMP,,,,,,,
,,799,penv(A) wt,,1497ng/µL,,DK,AMP,,,,From MVB glycerol stock,,,
,,800,RCASBP(A) Hu NMYC,,310ng/µL,,BP,AMP,,,,,,,
0801-pENTR4 mouse TG2.dna,yes,801,pMA-RQ AKT 3PKR2L (Chimera) myrFLAGattB,,100ng/µL,,DK,AMP,,,,,"Missing 2 amino acids, Shuttle",,
0802-RCAS yDV CHA mouse TG2.dna,yes,802,pENTR4 mouse TG2,,219ng/µL,,,KAN,,,,,,,
,,803,RCAS yDV CHA mouse TG2,,189ng/µL,,GR,AMP,,,,,,,
,,804,RCANBP(A)-TzTRE-proHB-EGF-CS,,242ng/µL,,CS,AMP,,,,,Works with transient transfection but not for infection,,
,,805,RCANBP(A)-TRE2-proHB-EGF-CS,,233ng/µL,,CS,AMP,,,,,,,
,,806,pTRIPZ-HBEGFcs-CMV-3xFLAG-TetOff-p2A-NLS-Myc-Cre [TzTOC-pro-HB-EGF-CS],,285ng/µL,,CS,AMP,,,,,,,
,,807,RCASBP(A)-hHBEGF-FLAG,,183ng/µL,,CS,AMP,,,,,,,
,,808,RCASBP(A)-mHbegf-HA,,170ng/µL,,CS,AMP,,,,,,,
,,809,RCASBP(A)-hEGF-HA,,148ng/µL,,CS,AMP,,,,,,,
,,810,RCASBP(A)-mAdam17-FLAG,,160ng/µL,,CS,AMP,,,,,different from NM_009615,,
,,811,RCASBP(A)-hADAM17-HA,,112ng/µL,,CS,AMP,,,,,different from NM_003183,,
,,812,pENTR myr-FLAG-AKT 3PKR2L (Chimera),,204ng/µL,,DK,KAN,,,,,Missing 2 amino acids,,
,,813,RCASBP(A) myr-FLAG-AKT 3PKR2L (Chimera),,236ng/µL,,DK,AMP,,,,,Missing 2 amino acids,,
,,814,RCASBP(A) AXL-HA,,380ug/mL,,RA,AMP,,,,,,,
0815-pCR8-GW-topo-hAXL-cMyc.gb,yes,815,RCASBP(A) AXL,,273.2ng/mL,,RA,AMP,,,,,,,
,,816,pCR8-GW-topo-hAXL-cMyc,,445ng/µL,,CS/JCT,SPEC,,,,,OD 2.109,,
,,817,pCR8-GW-topo-hAXL-HA,,935ng/µL,,CS/JCT,SPEC,,,,,OD 2.300,,
,,818,FG12 CMV proHBEGFcs UBC GFP,,122ng/µL,,CS/JCT,AMP,,,,,OD 2.183,,
,,819,pCR8-GW-topo-hEGFR-HA,,408ng/µL,,CS/JCT,SPEC,,,,,OD 2.245,,
,,820,pDEST FG12 CMV - UbC GFP (from MVB),,888ng/µL,,CS,Amp/Chlor,,,,from '06 glycerol stock,OD 2.027,,
,,821,pDEST FG12 CMV - UbC mCherry (from MVB),,523ng/µL,,CS,Amp/Chlor,,,,from '14 glycerol stock,OD 2.219,,
,,822,FG12cmv-hAXL-cMyc_UbC-GFP ,,955ng/µL,,CS/JCT,AMP,,,,,OD 2.233,,
,,823,FG12cmv-hEGFR-HA_UbC-mCherry,,1137ng/µL,,CS/JCT,AMP,,,,,OD 2.270,,
,,824,pCR8-GW-topo-pro-HBEGF-CS (no tag),,312ng/µL,,JCT,SPEC,,,,,OD 2.423,,
,,825,FG12cmv-pro-HBEGF-CS (no tag)_UbC-GFP ,,860ng/µL,,CS,AMP,,,,,OD 2.169,,
,,826,FG12cmv-hEGFR-HA_UbC-GFP,,852ng/µL,,CS,AMP,,,,,OD 2.235,,
,,827,pDONOR-221_hADAM17,,67ng/µL,,CS,KAN,,,,,GenScript 673549_1 OHu21940C NM_003183 sequence verified,,
,,828,pDONOR-221_mAdam17,,177ng/µL,,CS,KAN,,,,,GenScript 673549_2 OMu19912C NM_009615 sequence verified,,
,,829,RCASBP(A)-hADAM17,,,,CS,AMP,,,,,NM_003183 ,,
,,830,RCASBP(A)-mADAM17,,310ng/µL,,CS,AMP,,,,,NM_009615,,
,,831,"FG12cmv-FLAG-AKT1, GFP",,580ng/µL,,DK,AMP,,,,,,,
,,832,"FG12cmv-FLAG-AKT2, GFP",,650ng/µL,,DK,AMP,,,,,,,
,,833,"FG12cmv-FLAG-AKT3, GFP",,634ng/µL,,DK,AMP,,,,,,,
,,834,"FG12cmv-myr-FLAG-AKT1, GFP",,491ng/µL,,DK,AMP,,,,,,,
,,835,"FG12cmv-myr-FLAG-AKT2, GFP",,349ng/µL,,DK,AMP,,,,,,,
,,836,"FG12cmv-myr-FLAG-AKT3, GFP",,173ng/µL,,DK,AMP,,,,,,,
,,837,pMA-RQ AKT 3PKR2L (Chimera) myrFLAGattB,,100ng/µL,,DK,AMP,,,,,"Correct sequence, Shuttle",,
0838-ACZEGP TRE3 MCS.gb,yes,838,pMK TRE3 BRAF.kd.V600E-P2A-Cre,,349ng/µL,,DK,KAN,,,,,,,
,,839,ACZEGP TRE3 MCS,,159ng/µL,,DK,KAN,,,,,,,
,,840,pCR8 GW/Topo HA-Akt1 (E17K) (mouse),,182ng/µL,,DK,SPEC,Mouse,,,,,,
,,841,pENTR TRE3 HA-Akt1 (E17K) (mouse),,290ng/µL,,DK,KAN,Mouse,,,,,,
,,842,RCAN TRE3 HA-Akt1 (E17K) (mouse),,300ng/µL,,DK,AMP,Mouse,,,,,  ,
,,843,pCR8 GW/Topo HA-Akt2 (mouse),,514ng/µL,,DK,SPEC,Mouse,,,,,,
,,844,pCR8 GW/Topo HA-Akt1 (E40K) (mouse),,743ng/µL,,GP/DK,SPEC,Mouse,,,,,,
,,845,pCR8 GW/Topo HA-Akt1 (Q79K) (mouse),,450ng/µL,,GP/DK,SPEC,Mouse,,,,,,
,,846,pCR8 GW/Topo HA-Akt2 (E17K) (mouse),,610ng/µL,,GP/DK,SPEC,Mouse,,,,,,
,,847,pCR8 GW/Topo HA-Akt2 (E40K) (mouse),,170ng/µL,,GP/DK,SPEC,Mouse,,,,,,
,,848,pCR8 GW/Topo HA-Akt2 (Q79K) (mouse),,425ng/µL,,GP/DK/MS,SPEC,Mouse,,,,seq'd 081216 - MS,,
,,849,pCR8 GW/Topo HA-Akt3 (E17K) (mouse),,788ng/µL,,GP/DK,SPEC,Mouse,,,,,,
,,850,pCR8 GW/Topo HA-Akt3 (E40K) (mouse),,387ng/µL,,GP/DK,SPEC,Mouse,,,,,,
,,851,pCR8 GW/Topo HA-Akt3 (Q79K) (mouse) ,,434 ng/µL,,GP/DK,SPEC,Mouse,,,,,,
,,852,RCAS HA-Akt1 (E40K) (mouse),,348ng/µL,,GP/DK,AMP,Mouse,,,,Expression verified & infects A375-TVAs,,
,,853,RCAS HA-Akt1 (Q79K) (mouse),,350ng/µL,,GP/DK,AMP,Mouse,,,,Expression verified & infects A375-TVAs,,
,,854,RCAS HA-Akt2 (E17K) (mouse),,220ng/µL,,GP/DK,AMP,Mouse,,,,Expression verified & infects A375-TVAs,,
,,855,RCAS HA-Akt2 (E40K) (mouse),,212ng/µL,,GP/DK,AMP,Mouse,,,,Expression verified & infects A375-TVAs,,
,,856,RCAS HA-Akt2 (Q79K) (mouse),,177ng/µL,,MS/DK,AMP,Mouse,,,,Expression verified & infects A375-TVAs,,
,,857,RCAS HA-Akt3 (E17K) (mouse),,462ng/µL,,GP/DK,AMP,Mouse,,,,Expression verified & infects A375-TVAs,,
,,858,RCAS HA-Akt3 (E40K) (mouse),,253ng/µL,,GP/DK,AMP,Mouse,,,,Expression verified & infects A375-TVAs,,
0859-RCAS LSD1.dna,yes,859,RCAS HA-Akt3 (Q79K) (mouse),,101ng/µL,,GP/DK,AMP,Mouse,,,,Expression verified & infects A375-TVAs,,
0860-RCAS JMJD2C.dna,yes,860,RCAS LSD1 ,,653ng/µL,,MS,AMP,Mouse,,,,(clone from LR rxn: RCAS DV & pENTR1A LSD1 (from Yong Yu) sequenced 031116 MS attB1 F primer,,
,,861,RCAS JMJD2C ,,,,MS,AMP,Mouse,,,,(clone from LR rxn:  RCAS DV & pENTR1A JMJD2C (from Yong Yu) sequenced 031116 MS attB1 F primer,,
,,862,pENTR TRE3 hBRAFv600e-HA,,785ng/µL,,CS,KAN,Human,,,,OD2.374,,
,,863,RCAN-X TRE3 hBRAFv600e-HA,,158ng/µL,,CS,AMP,Human,,,,OD2.351,,
,,864,RCAS myr-AKT1 FLAG (Nterm),,200ng/µL,,MS,AMP,Human,3/16/2016,,Wei Zhang' Lab,Sequenced 032216 - MS,,
,,865,RCAS myr-AKT2 FLAG (Nterm) ,,150ng/µL,,MS,AMP,Human,3/16/2016,,Wei Zhang' Lab,Sequenced 032216 - MS,,
,,866,RCAS myr-AKT3 FLAG (Nterm),,190ng/µL,,MS,AMP,Human,3/16/2016,,Wei Zhang' Lab,Sequenced 032216 - MS,,
,,867,RCAS myr-Akt1 HA (Cterm) ,,160ng/µL,,MS,AMP,Mouse,3/16/2016,,Wei Zhang' Lab,Sequenced 032216 - MS,,
,,868,RCAS myr-Akt2 HA (Cterm) ,,145ng/µL,,MS,AMP,Mouse,3/16/2016,,Wei Zhang' Lab,Sequenced 032216 - MS,,
,,869,RCAS myr-Akt3 (rat),,45ng/µL,,MS,AMP,Rat,3/16/2016,,Wei Zhang' Lab,Sequencing FAILED,,
,,870,RCAS AKT3 HA (Cterm),,160ng/µL,,MS,AMP,Human,3/16/2016,,Wei Zhang' Lab,does NOT have myr - Sequenced 032216 - MS,,
,,871,RCAS AKT3 DN HA (Cterm),,155ng/µL,,MS,AMP,Human,3/16/2016,,Wei Zhang' Lab,does NOT have myr - Sequenced 032216 - MS,,
,,872,RCAS AKT3 T305A HA (Cterm),,100ng/µL,,MS,AMP,Human,3/16/2016,,Wei Zhang' Lab,does NOT have myr - Sequenced 032216 - MS,,
,,873,pCMV5 HA Akt3 WT,,110ng/µL,,MS,AMP,,3/16/2016,,Wei Zhang' Lab,NOT seq'd,,
,,874,pcDNA3 myr HA Akt2,,375ng/µL,,MS,AMP,Human,3/16/2016,,Wei Zhang' Lab,NOT seq'd,,
,,875,RCAS myr AKT2 DN FLAG(Nterm) ,,190ng/µL,,MS,AMP,Human,3/16/2016,,Wei Zhang' Lab,Sequenced 032216 - MS,,
,,876,pcDNA3 HA myr Akt2 DN c4 (human),,240ng/µL,,MS,AMP,Human,3/16/2016,,Wei Zhang' Lab,NOT seq'd,,
,,877,pcDNA3 HA myr Akt2 DN c3 (human),,280ng/µL,,MS,AMP,Human,3/16/2016,,Wei Zhang' Lab,NOT seq'd,,
,,878,pcDNA3.1 myr 2PL/1KR,,300ng/µL,,MS,AMP,,3/16/2016,,Wei Zhang' Lab,NOT seq'd,,
,,879,pcDNA3.1 myr 3PL/1KR,,175ng/µL,,MS,AMP,,3/16/2016,,Wei Zhang' Lab,NOT seq'd,,
,,880,pcDNA3.2 FLAG 2P/1LKR,,285ng/µL,,MS,AMP,,3/16/2016,,Wei Zhang' Lab,NOT seq'd,,
,,881,pcDNA3.2 FLAG 2PL/1KR,,350ng/µL,,MS,AMP,,3/16/2016,,Wei Zhang' Lab,NOT seq'd,,
,,882,pcDNA3.2 FLAG 3PL/1KR,,315ng/µL,,MS,AMP,,3/16/2016,,Wei Zhang' Lab,NOT seq'd,,
,,883,RCAS myr 2P/1LKR FLAG (Nterm),,55ng/µL,,MS,AMP,Human,3/16/2016,,Wei Zhang' Lab,Sequenced 032216 - MS,,
,,884,RCAS myr 2PL/1KR FLAG (Nterm),,60ng/µL,,MS,AMP,Human,3/16/2016,,Wei Zhang' Lab,Sequenced 032216 - MS,,
,,885,RCAS myr 1PLK/2R FLAG (Nterm),,85ng/µL,,MS,AMP,Human,3/16/2016,,Wei Zhang' Lab,Sequenced 032216 - MS,,
,,886,RCAS myr 3P/1LKR FLAG (Nterm),,100ng/µL,,MS,AMP,Human,3/16/2016,,Wei Zhang' Lab,Sequenced 032216 - MS,,
,,887,RCAS myr 3PL/1KR FLAG (Nterm),,1435ng/µL,,MS,AMP,Human,3/16/2016,,Wei Zhang' Lab,Sequenced 032216 - MS,,
,,888,RCAS 2P/1LKR c3 FLAG (Nterm),,135ng/µL,,MS,AMP,Human,3/16/2016,,Wei Zhang' Lab,Sequenced 032216 - MS - NOT myr,,
,,889,RCAS 2PL/1KR c1 FLAG (Nterm),,80ng/µL,,MS,AMP,Human,3/16/2016,,Wei Zhang' Lab,Sequenced 032216 - MS - NOT myr,,
,,890,RCAS myr 3PL/1KR FLAG,,60ng/µL,,MS,AMP,Human,3/16/2016,,Wei Zhang' Lab,Sequenced 032216 - MS - NOT myr,,
,,891,RCAS HA-Akt2 (mouse),,225ng/µL,,DK,AMP,Mouse,,,,,,
0892-pHIV Luciferase-IRES-ZsGreen (lentivirus).dna,yes,892,RCAS myr-HA-Akt1 (mouse),,134ng/µL,,GP/DK,AMP,Mouse,,,,,,
,,893,pHIV Luciferase-IRES-ZsGreen (lentivirus),,294ng/µL,,GP/DK,AMP,,,,,,,
"0894-FG12 myr-HA-Akt1, GFP (mouse).dna",yes,894,pCR8 GW/TOPO myr-HA-Akt1 (mouse),,345ng/µL,,GP/DK,SPEC,Mouse,,,,,,
,,895,"FG12 myr-HA-Akt1, GFP (mouse)",,,,KT/DK,AMP,Mouse,,,,,,
"0896-FG12 myr-HA-Akt2, GFP (mouse).dna",yes,896,pCR8 myr-HA-Akt2 (mouse),,616ng/µL,,GP/DK,SPEC,Mouse,,,,,,
0897-pCR8 myr-HA-Akt3 (mouse).dna,yes,897,"FG12 myr-HA-Akt2, GFP (mouse)",,91ng/µL,,GP/DK,AMP,Mouse,,,,,,
"0898-FG12 myr-HA-Akt3, GFP (mouse).dna",yes,898,pCR8 myr-HA-Akt3 (mouse),,369ng/µL,,GP/DK,SPEC,Mouse,,,,,,
,,899,"FG12 myr-HA-Akt3, GFP (mouse)",,128ng/µL,,GP/DK,AMP,Mouse,,,,,,
,,900,pENTR1A 3xflag-JMJD2C (human),,3.0µg/µL,,MS/SS,AMP,Human,5/16/2017,,Dr. Clemens Schmitt's lab,Sequenced 051617 - SS,,
,,901,pENTR1A 3xflag-LSD1 (human),,1.7µg/µL,,MS/SS,AMP,Human,5/16/2017,,Dr. Clemens Schmitt's lab,Sequenced 051617 - SS,,
,,902,pENTR1A 3xflag-H3R9 (human),,1.9µg/µL,,MS/SS,AMP,Human,5/16/2017,,Dr. Clemens Schmitt's lab,Sequenced 051617 - SS,,
,,903,RCAS 3xFLAG hJMJD2C,,284ng/µL,,MS/SS,AMP,Human,,,,sequenced correctly on 052016,,
,,904,RCAS 3xFLAG hLSD1,,176ng/µL,,MS/SS,AMP,Human,,,,Sequenced correctly on 052516,,
,,905,RCAS 3xFLAG hH3R9,,91ng/µL,,MS/SS,AMP,Human,,,,Sequenced correctly on 052516,,
,,906,pCR8 HA-mYB1,,213ng/µL,,MS/SS/YN,SPEC,Mouse,,,,Sequenced correctly on 062016,,
,,907,pHIV GW-compatible Luciferase-IRES-ZsGreen (lentivirus) (EF1a-GW; CMV-Luc-ZsG),,417ng/µL,,GP/DK,Chlor/Amp,,,,,ZsGreen under control of CMV does not express (do not use),,
,,908,pCR8 HA-mLSD1,,,,MS,SPEC,Mouse,,,,Seq'd 062816,,
,,909,"pHIV HA-Akt1 E17K, Luciferase-IRES-ZsGreen (lentivirus) (EF1a-GW; CMV-Luc-ZsG)",,176ng/µL,,GP/DK,AMP,Mouse,,,,ZsGreen under control of CMV does not express (do not use),,
,,910,RCAS HA mLSD1,,340ng/µL,,SS/YN,AMP,Mouse,,,,,,
,,911,pHIV GW-compatible Luciferase-IRES-ZsGreen (lentivirus) (EF1a-Luc-ZsG; CMV-GW),,150ng/µL,Maxi Prep,SS,Chlor/Amp,,10/17/2017,,glycerol stock,ZsGreen confirmed ,,
,,912,"pHIV HA-Akt1-E17K, Luciferase-IRES-ZsGreen (lentivirus) (CMV-Akt1-E17K; EF1a-Luc-ZsG)",,460ng/µL,,DK,AMP,Mouse,,,,ZsGreen & HA confirmed in 293s (transient transfection) & ZsGreen infection (lentiv); 11/8/17 new maxi by KT,,
,,913,pCR8 HA mYB1 S100A,,295ng/µL,,SS/MS,SPEC,Mouse,,,,Seq'd 081216,,
,,914,pCR8 HA mYB1 S100D,,420ng/µL,,SS/MS,SPEC,Mouse,,,,Seq'd 081216,,
,,915,RCAS HA mYB1 WT,,145ng/µL,,SS/MS,AMP,Mouse,,,,LR with #905 & #42,,
,,916,FG12 HA mYB1 WT,,111ng/µL,,SS/MS,AMP,Mouse,,,,LR with #905 & 520,,
,,917,RCAS HA mYB1 S100A,,187ng/µL,,SS/MS,AMP,Mouse,,,,LR with #912 & #42,,
,,918,FG12 HA mYB1 S100A,,24.6ng/µL,,SS/MS,AMP,Mouse,,,,LR with #912 & #520,,
,,919,RCAS HA mYB1 S100D,,184ng/µL,,SS/MS,AMP,Mouse,,,,LR with #913 & #42,,
,,920,FG12 HA mYB1 S100D,,41.9ng/µL,,SS/MS,AMP,Mouse,,,,LR with #913 & #520,,
,,921,pCR8 HA mAKT1 WT,,424ng/µL,,SS/MS,SPEC,Mouse,,,,"seq'd 091416 - CORRECT:  PCR amplification to put HA tag on N-term using plasmid #526, TOPO cloned into pCR8 (8.10.16)",,
,,922,pCR8 V5 p53 R273L,,195ng/µL,,MS,SPEC,Mouse,,,,"seq'd 091416 - CORRECT:  V5-tagged via PCR amplification from plasmid #719 (mouse p53 R273L), TOPO cloned into pCR8",,
,,923,"pHIV HA-Akt1, Luciferase-IRES-ZsGreen (lentivirus) (CMV-Akt1; EF1a-Luc-ZsG)",,591ng/µL,,DK,AMP,Mouse,,,,ZsGreen & HA confirmed in 293s (transient transfection) & ZsGreen infection (lentiv),,
,,924,RCAS HA mAKT1 WT,,358.4ng/µL,,SS/MS,AMP,Mouse,,,,LR with #920 & #42 - Digest and sequencing correct:  092316,,
,,925,FG12 HA AKT1 WT,,173.8ng/µL,,SS/MS,AMP,Mouse,,,,LR with #920 & 520:  Digest and sequencinc correct:  092316,,
,,926,pCR8 V5 p53 R273C,,225ng/µL,,MS,SPEC,Mouse,,,,Mutagenesis while in pCR8 (L273C) - seq'd 092116 - CORRECT,,
,,927,RCAS V5 p53 R273C,,413.7ng/µL,,MS,AMP,Mouse,,,,LR using #42 & 925,,
,,928,FG12 HA Akt1 E17K,,96.1ng/µL,,MS/SS,AMP,Mouse,,,,LR using #520 & #839,,
,,929,pCR8 GW/TOPO HA-Akt3,,302ng/µL,,DK,SPEC,Mouse,,,,,,
,,930,"pTRIPZ Tet-On HA-Akt1, rtTA3-IRES-Puro",,348ng/µL,,DK/GP,AMP,Mouse,,,,Expression not yet verified but rtTA flanked by lox p sites,,
,,931,"pTRIPZ Tet-On HA-Akt1 E17K, rtTA3-IRES-Puro",,322ng/µL,,DK/GP,AMP,Mouse,,,,Expression not yet verified but rtTA flanked by lox p sites,,
,,932,"pTRIPZ Tet-On HA-Akt1 E40K, rtTA3-IRES-Puro",,101ng/µL,,DK/GP,AMP,Mouse,,,,Expression not yet verified but rtTA flanked by lox p sites,,
,,933,"pTRIPZ Tet-On HA-Akt1 Q79K, rtTA3-IRES-Puro",,471ng/µL,,DK/GP,AMP,Mouse,,,,Expression not yet verified but rtTA flanked by lox p sites,,
,,934,"pTRIPZ Tet-On HA-Akt2, rtTA3-IRES-Puro",,197ng/µL,,DK/GP,AMP,Mouse,,,,Expression not yet verified but rtTA flanked by lox p sites,,
,,935,"pTRIPZ Tet-On HA-Akt2 E17K, rtTA3-IRES-Puro",,174ng/µL,,DK/GP,AMP,Mouse,,,,Expression not yet verified but rtTA flanked by lox p sites,,
,,936,"pTRIPZ Tet-On HA-Akt2 E40K, rtTA3-IRES-Puro",,239 ng/µL,,DK/GP,AMP,Mouse,,,,Expression not yet verified but rtTA flanked by lox p sites,,
,,937,"pTRIPZ Tet-On HA-Akt2 Q79K, rtTA3-IRES-Puro",,351ng/µL,,DK/GP,AMP,Mouse,,,,Expression not yet verified but rtTA flanked by lox p sites,,
,,938,"pTRIPZ Tet-On HA-Akt3, rtTA3-IRES-Puro",,152ng/µL,,DK/GP,AMP,Mouse,,,,Expression not yet verified but rtTA flanked by lox p sites,,
,,939,"pTRIPZ Tet-On HA-Akt3 E17K, rtTA3-IRES-Puro",,108ng/µL,,DK/GP,AMP,Mouse,,,,Expression not yet verified but rtTA flanked by lox p sites,,
,,940,"pTRIPZ Tet-On HA-Akt3 E40K, rtTA3-IRES-Puro",,251ng/µL,,DK/GP,AMP,Mouse,,,,Expression not yet verified but rtTA flanked by lox p sites,,
0941-pBluescript SK.dna,yes,941,"pTRIPZ Tet-On HA-Akt3 Q79K, rtTA3-IRES-Puro",,198ng/µL,,DK/GP,AMP,Mouse,,,,Expression not yet verified but rtTA flanked by lox p sites,,
,,942,pBluescript SK,,100ng/µL,,MS,AMP,,,,,,,
,,943,pENTR myr-FLAG AKT 1PL/2KR,,100ng/µL,,YN/MS,KAN,Human,,,,Created using Gibson assembly with #760 & #762 - Seq'd correctly 12.06.16 ,,
0944-RCAS HA-Akt2.dna,yes,944,RCAS myr-FLAG AKT 1PL/2KR,,100ng/µL,,YN/MS,AMP,Human,,,,LR using #42 & #942 - Seq'd correctly 12.16.16.  Expression verified 12.29.16 by MS,,
,,945,RCAS HA-Akt2,,264ng/µL,,DK/GP ,AMP,Mouse,,,,Expression not yet verified,,
,,946,RCAS HA-Akt3,,322ng/µL,,DK/GP ,AMP,Mouse,,,,Expression not yet verified,,
,,947,pENTR TRE3 myr-HA-Akt1 (mouse),,780ng/µL,,DK/GP ,KAN,Mouse,,,,,,
,,948,RCAN TRE3 myr-HA-Akt1 (mouse),,280ng/µL,,DK/GP ,AMP,Mouse,,,,Expression not yet verified,,
,,949,pTRIPZ TRE-HA-Akt1-CMV-3xFLAG-TetOff-p2A-NLS-Myc-Cre,,318ng/µL,,DK,AMP,Mouse,,,,Does not express HA,,
,,950,pTRIPZ TRE-HA-Akt1-E17K-CMV-3xFLAG-TetOff-p2A-NLS-Myc-Cre,,145ng/µL,,DK,AMP,Mouse,,,,Does not express HA,,
,,951,pTRIPZ TRE-HA-Akt1-E40K-CMV-3xFLAG-TetOff-p2A-NLS-Myc-Cre,,629ng/µL,,DK,AMP,Mouse,,,,Does not express HA,,
,,952,pTRIPZ TRE-HA-Akt1-Q79K-3xFLAG-TetOff-p2A-NLS-Myc-Cre,,131ng/µL,,DK,AMP,Mouse,,,,Does not express HA,,
,,953,pTRIPZ TRE-HA-Akt2-CMV-3xFLAG-TetOff-p2A-NLS-Myc-Cre,,656ng/µL,,DK,AMP,Mouse,,,,Does not express HA,,
,,954,pTRIPZ TRE-HA-Akt2-E17K-CMV-3xFLAG-TetOff-p2A-NLS-Myc-Cre,,456ng/µL,,DK,AMP,Mouse,,,,Does not express HA,,
,,955,pTRIPZ TRE-HA-Akt2-E40K-CMV-3xFLAG-TetOff-p2A-NLS-Myc-Cre,,426ng/µL,,DK,AMP,Mouse,,,,Does not express HA,,
,,956,pTRIPZ TRE-HA-Akt2-Q79K-CMV-3xFLAG-TetOff-p2A-NLS-Myc-Cre,,686ng/µL,,DK,AMP,Mouse,,,,Does not express HA,,
,,957,pTRIPZ TRE-HA-Akt3-CMV-3xFLAG-TetOff-p2A-NLS-Myc-Cre,,838ng/µL,,DK,AMP,Mouse,,,,Does not express HA,,
,,958,pTRIPZ TRE-HA-Akt3-E17K-CMV-3xFLAG-TetOff-p2A-NLS-Myc-Cre,,566ng/µL,,DK,AMP,Mouse,,,,Does not express HA,,
,,959,pTRIPZ TRE-HA-Akt3-E40K-CMV-3xFLAG-TetOff-p2A-NLS-Myc-Cre,,567ng/µL,,DK,AMP,Mouse,,,,Does not express HA,,
"0960-pCR8 HA-Akt1 E17K, K179M.dna",yes,960,pTRIPZ TRE-HA-Akt3-Q79K-CMV-3xFLAG-TetOff-p2A-NLS-Myc-Cre,,470ng/µL,,DK,AMP,Mouse,,,,Does not express HA,,
"0961-RCAS HA-Akt1 E17K, K179M.dna",yes,961,"pCR8 HA-Akt1 E17K, K179M",,400ng/µL,,DK/GP,SPEC,Mouse,,,,,,
0962-pcDNA3 eGFP.dna,yes,962,"RCAS HA-Akt1 E17K, K179M",,158ng/µL,,DK/GP,AMP,Mouse,,,,,,
,,963,pcDNA3 eGFP,,735ng/µL,,SS,AMP,,10-Apr,,,"used for transient tranfection in YUMM1.1 cells (with Lipofectamine 2000) and saw +++GFP expression 24hrs post-transfection (MS, 4/7/17)",,
,,964,pCR8 GW TOPO Golm1-FLAG,,,Mini Prep,KT,SPEC,Mouse,4/10/2017,,,seq'd successfully,,
0965-RCAS Golm1-FLAG.dna,yes,965,pCR8 GW TOPO Golm1-FLAG G351E,,,Mini Prep,KT,SPEC,Mouse,4/10/2017,,,seq'd successfully,,
,,966,RCAS Golm1-FLAG,,277ng/µL,,KT,AMP,Mouse,,,,,,
,,967,RCAS Golm1-FLAG G351E,,381ng/µL,,KT,AMP,Mouse,,,,,,
,,968,pCR8 GW TOPO GOLM1-FLAG,,,Mini Prep,KT,SPEC,Human,5/22/2017,,,seq'd successfully,,
,,969,pCR8 GW TOPO GOLM1-S307E-FLAG,,,Mini Prep,KT,SPEC,Human,7/14/2017,,,seq'd successfully,,
,,970,pCR8 GW TOPO GOLM1-G370E-FLAG,,,Mini Prep,KT,SPEC,Human,7/14/2017,,,seq'd successfully,,
0971-RCAS GOLM1-S307L-FLAG.dna,yes,971,RCAS GOLM1-FLAG,,330.5ng/µL,,KT,AMP,Human,,,,,,
0972-RCAS GOLM1-G370E-FLAG.dna,yes,972,RCAS GOLM1-S307L-FLAG,,360ng/µL,Maxi Prep,KT,AMP,Human,7/26/2017,,,,,
,,973,RCAS GOLM1-G370E-FLAG,,180.6ng/µL,,KT,AMP,Human,,,,,,
,,974,pCMV6 GFP Ppargc1a (Myc & FLAG tagged),,0.1µg/µL,,SS,KAN,Mouse,,,,,,
,,975,pCR8 Ppargc1a (Myc & FLAG tagged),,472.6ng/µL,Mini Prep,SS,SPEC,Mouse,12/12/2017,AKA: PGC1a,,"correct sequence, SS, 8/30/17. Re-made miniprep from glycerol stock, SS, 12/12/17.",,
,,976,RCAS Ppargc1a (Myc & FLAG tagged),,433ng/µL,Maxi Prep,SS,AMP,Mouse,9/12/2017,AKA: PGC1a,, verified by AgeI digest.,,
,,977,"pHIV myr-HA-Akt1, Luciferase-IRES-ZsGreen (lentivirus) (CMV-myrAkt1; EF1a-Luc-ZsG)",,342.1ng/µL,,SS,AMP,Mouse,,,,"LR reaction with #910 & #893 by SS, verified by XhoI digest & sequencing. NO GFP EXPRESSION DETECTED. MS 110817",,
,,978,ACZEGP TRE3 myr-FLAG-AKT1,,500ng/µL,,DK/KT,KAN,Human ,,,,Gateway compatible; sequencing confirmed by KT 11/30/17,,
,,979,RCAN TRE3 myr-FLAG-AKT1,,283ng/µL,Maxi Prep,DK/KT,AMP,Human ,12/6/2017,,,,,
0980-RCAN TRE3 IDH1 (R132H)-HA.dna,yes,980,ACZEGP TRE3 IDH1 (R132H)-HA,,548ng/µL,,DK/KT,KAN,Human ,,,,Gateway compatible; sequencing confirmed by KT 12/11/17,,
,,981,RCAN TRE3 IDH1 (R132H)-HA,,400ng/µL,Maxi Prep,DK/KT,AMP,Human ,12/7/2017,,,,,
,,982,pDEST12.2 GUS,,~250ng/µL,Mini Prep,MS/SS,AMP,,,,,"verified by BsgI digest, SS, 11/2017",,
,,983,pDEST12.2 Golm1-FLAG,,~300ng/µL,Mini Prep,MS/SS,AMP,Mouse,,,,"verified by BsgI digest, SS, 11/2017",,
,,984,pDEST12.2 Golm1 G351E-FLAG,,~250ng/µL,Mini Prep,MS/SS,AMP,Mouse,,,,"verified by BsgI digest, SS, 11/2017",,
,,985,pDEST12.2 GOLM1-FLAG,,~300ng/µL,Mini Prep,MS/SS,AMP,Human,,,,"verified by BsgI digest, SS, 11/2017",,
,,986,pDEST12.2 GOLM1 S307L-FLAG,,~350ng/µL,Mini Prep,MS/SS,AMP,Human,,,,"verified by BsgI digest, SS, 11/2017",,
,,987,pDEST12.2 GOLM1 G370E-FLAG,,~300ng/µL,Mini Prep,MS/SS,AMP,Human,,,,"verified by BsgI digest, SS, 11/2017",,
,,988,pENTR 3C IDH1-R132H-HA IRES Cre,,400ng/µL,,KT,KAN,Human,,,,Gateway compatible; mini-prep; sequencing confirmed by KT 1/16/18,,
,,989,CRIPSR LV Mouse IDH1 (IDH1S4S8),,,,BP,AMP,Mouse,,,,Mammalian selection with Puro,,
0990-FG12 CMV GFP Ppargc1a.dna,yes,990,RCAS IDH1-R132H-HA IRES Cre,,356ng/µL,Maxi Prep,KT,AMP,Human,1/23/2018,,,,,
,,991,FG12 CMV GFP Ppargc1a,,573.7ng/µL,Mini Prep,ND/SS,AMP,Mouse,,,, verified by AgeI digest,,
,,992,pDEST12.2 Ppargc1a,,680.1ng/µL,Mini Prep,SS,AMP,Mouse,,,, verified by AgeI digest,,
,,993,pLKO puro shFak B,,748ng/µL,Maxi Prep,MS/SS,AMP,Mouse,,,,,,
,,994,pLKO puro shFak C,,739ng/µL,Maxi Prep,MS/SS,AMP,Mouse,,,,,,
,,995,pCMV-VSVG,,932ng/µL,Maxi Prep,MS/SS,AMP,,,,,,,
,,996,pCMV-dR8.2 dvpr,,491ng/µL,Maxi Prep,MS/SS,AMP,,,,,,,
,,997,pENTR 3C TRE3 IDH1-R132H-HA IRES Cre,,~600ng/µL,,KT,KAN,,,,,Gateway compatible; mini-prep; sequencing confirmed by KT 2/14/18,,
0998-pCR8 GWTOPO Fak.dna,yes,998,RCAN TRE3 IDH1-R132H-HA IRES Cre,,244ng/µL,Maxi Prep,KT,AMP,,2/23/2018,,,,,
0999-ACZEGP TRE3 Braf V600E-V5-His.gb,yes,999,pCR8 GW/TOPO Fak,,~500ng/µL,Mini Prep,MS/SS,SPEC,Mouse,,,,"Miniprep, verified by PmeI digest and seq'ing on 031018 MS",,
,,1000,ACZEGP TRE3 Braf V600E-V5-His,,395ng/µL,Maxi Prep,DK/KT,KAN,Mouse,3/23/2018,,, A>G substitution at bp 1646 came from original Ms Braf plasmid (#634),,
,,1001,RCAN TRE3 Braf V600E-V5-His,,173ng/µL,Maxi Prep,DK/KT,AMP,Mouse,3/23/2018,,, A>G substitution at bp 1646 came from original Ms Braf plasmid (#634),,
,,1002,pCR8 shRES(B) Fak,,100ng/µL,,MS,SPEC,Mouse,,,,Seq'd 031618 by MS,,
,,1003,pCR8 shRES(C) Fak,,90ng/µL,,MS,SPEC,Mouse,,,,Seq'd 031618 by MS,,
,,1004,pDEST12.2 shRES(B) Fak,,130ng/µL,,MS,AMP,Mouse,,,,"Verified by PmeI digest 032918, and expression in 293 cells 042718, MS",,
,,1005,pDEST12.2 shRES(C) Fak,,,,MS,AMP,Mouse,,,,,,
,,1006,pDEST12.2 Fak,,65ng/µL,,MS,AMP,Mouse,,,,,,
,,1007,pMD2.G,,820ng/µL,,MS,AMP,,,,,"Packaging plasmid for Ptk2 CRISPR - from core, received 4/20/18.  Addgene:  12259",,
,,1008,psPAK,,170ng/µL,,MS,AMP,,,,,"Packaging plasmid for Ptk2 CRISPR - from core, received 4/20/18.  Addgene 12260",,
1009-pCR8 GW TOPO HA-FAK.dna,yes,1009,Ptk2-E1-S2-LV2-puro-A,,215ng/µL,,MS,AMP,,,,,"Lentivirus plasmid with gRNA for Ptk2 (Fak) CRISPR, puro resistance cassette.",,
,,1010,pCR8 GW TOPO HA-FAK,,1275ng/µL,,DK,SPEC,Mouse,,,,,,
1011-RCAS HA-FAK.dna,yes,1011,pCR8 GW TOPO Ndel375 HA-FAK,,1509ng/µL,,DK/CS,SPEC,Mouse,,,,First 375 amino acids deleted,,
,,1012,RCAS HA-FAK,,365ng/µL,,DK,AMP,Mouse,,,,Verified expression in DF1s,,
,,1013,RCAS Ndel375 HA-FAK (used #15 DV),,,,DK/CS,AMP,Mouse,Validated in DF1s,,,"Unable to get expression in DF1s (tried RCAS DV #42 & #15, neither worked; this plasmid is sourced from #15), First 375 amino acids deleted",,
1014-pCR8 GWTOPO HA-FAK (Y397E).dna.dna,yes,1014,RCAS FAK-HA (VanBrocklin Kinase Library),,134ng/µL,,DK,AMP,Mouse,,,,"Unable to get expression in DF1s, HA on C-terminus ",,
1015-RCAS HA-FAK (Y397E).dna,yes,1015,pCR8 GW/TOPO HA-FAK (Y397E),,191.5ng/ul,,DK,SPEC,Mouse,,,,,,
1016-pCR8 GW Dnm1l.dna,yes,1016,RCAS HA-FAK (Y397E),,166ng/µL,,DK,AMP,Mouse,,,,,,
,,1017,pCR8 GW Dnm1l,,,,DK,SPEC,Mouse,,,,,,
1018-RCAS Dnm1l.dna,yes,1018,pCR8 GW Dnm1l (Mutant),,,,DK,SPEC,Mouse,,,,,,
,,1019,RCAS Dnm1l,,245ng/µL,,DK/CS,AMP,Mouse,,,,,,
1020-pENTR-2B U6 SapI #3.gb,yes,1020,RCAS Dnm1l (Mutant),,,,DK/CS,AMP,Mouse,,,,,,
1021-pDONR223_PIK3CA_p.H1047R.dna,yes,1021,pENTR-2B U6 SapI #3,-20°C,157ng/µL,Maxi Prep,RH,KAN,,1/28/2019,,VanBrocklin Lab,entry vector for guide RNAs when doing CRISPR/CAS9,,
,,1022,pDONR223_PIK3CA_p.H1047R,-20°C,184.3ng/µL,Mini Prep,RH,SPEC,Human,2/20/2019,168,https://www.addgene.org/82824/,"entry vector of mutant PIK3CAH1047R, Addgene #82824",,
,,1023,pENTR-2B U6 sgRNA FUBP1 exon 1,-20°C,265.718ng/µL,Mini Prep,RH,KAN,Mouse,3/6/2019,169,RH001,"entry vector of sgRNA FUBP1 exon 1, colony 1-1 from the experiment",,
,,1024,pENTR-2B U6 sgRNA FUBP1 exon 2,-20°C,135.847ng/µL,Mini Prep,RH,KAN,Mouse,3/6/2019,170,RH001,"entry vector of sgRNA FUBP1 exon 2, colony 2-5 from the experiment",,
,,1025,pENTR-2B U6 sgRNA FUBP1 exon 15,-20°C,139.576ng/µL,Mini Prep,RH,KAN,Mouse,3/6/2019,171,RH001,"entry vector of sgRNA FUBP1 exon 15, colony 15-5 from the experiment",,
,,1026,pENTR-2B U6 sgRNA FUBP1 exon 16,-20°C,134.592ng/µL,Mini Prep,RH,KAN,Mouse,3/6/2019,172,RH001,"entry vector of sgRNA FUBP1 exon 16, colony 16-3 from the experiment",,
,,1027,RCAS-PIK3CA p.H1047R,both,524.7ng/µL,Maxi Prep,RH,AMP,Human,5/3/2019,173,RH004,"expression vector of mutant PIK3CA, colony 1 from the experiment",,
,,1028,RCAN pENTR-2B U6 sgRNA FUBP1 exon 1,both,226.8ng/µL,Maxi Prep,RH,AMP,Mouse,4/25/2019,174,RH001,"expression vector of sgRNA to FUBP1 exon 1, colony 1-5 from the experiment",,
,,1029,RCAN pENTR-2B U6 sgRNA FUBP1 exon 2,both,212.1ng/µL,Maxi Prep,RH,AMP,Mouse,4/24/2019,175,RH001,"expression vector of sgRNA to FUBP1 exon 2, colony 2-1 from the experiment",,
,,1030,RCAN pENTR-2B U6 sgRNA FUBP1 exon 15,both,104.1ng/µL,Maxi Prep,RH,AMP,Mouse,4/23/2019,177,RH001,"expression vector of sgRNA to FUBP1 exon 15, colony 15-1 from the experiment",,
,,1031,RCAN pENTR-2B U6 sgRNA FUBP1 exon 16,both,181.2ng/µL,Maxi Prep,RH,AMP,Mouse,4/23/2019,176,RH001,"expression vector of sgRNA to FUBP1 exon 16, colony 16-1 from the experiment",,
,,1032,RCAS Cre NF1 ex2 sgRNA,-20°C,475ng/µL ,Maxi Prep,GP,AMP,,12/30/2016,,VanBrocklin Lab,,,
,,1033,ACZEGP TRE3 HA-FAK (Y397E),-80,,,DK/PE,KAN,Mouse,,,,,,
,,1034,RCAN TRE3 HA-FAK (Y397E),both,,,DK/PE,AMP,Mouse,,,,,,
,,1035,ACZEGP TRE3 Ndel375 HA-FAK,-80,,,DK/PE,KAN,Mouse,,,,,,
,,1036,RCAN TRE3 Ndel375 HA-FAK,both,,,DK/PE,AMP,Mouse,,,,,,
,,1037,RCAS Ndel375 HA-FAK (used #42 DV),,,,DK/CS,AMP,Mouse,,,,,,
,,1038,pCR8 HA-PIK3CA-H1047R,both,,,GP,SPEC,Human,,,,,,
,,1039,RCAS HA-PIK3CA-H1047R,both,,,GP,AMP,Human,1/30/2020,,,,,
,,1040,pENTR-2B 3XFLAG-PIK3CA-H1047R,both,107ng/µL,,RH,KAN,Human,3/11/2020,,Gene Universal order #713852-1,entry vector for 3X flag tagged PIK3CAH1047R straight from the source and split to 2 vials for both freezers,,
,,1041,RCAS 3XFLAG-PIK3CA-H1047R,both,815.4ng/µL,Maxi Prep,RH,AMP,Human,7/17/2020,179,RH011,"expression vector of 3X flag tagged PIK3CAH1047R, made from David's glycerol stock #179 with no intermediate clone selection or mini-prep",,
,,1042,pHIV GW-compatible Luciferase-IRES-eGFP (lentivirus) (EF1a-Luc-eGFP; CMV-GW),both,,,DK,AMP,,,,,,,
,,1043,Fubp1smURFP Neo ex2 HDR FRT in pUC57,both,572ng/µL,Maxi Prep,RH,AMP,Mouse,4/30/2020,180,RH021,HDR template made from transforming bacteria with purchased plasmid from Gene Universal,,
,,1044,Fubp1smURFP Neo ex15 HDR FRT in pUC57,both,485ng/µL,Maxi Prep,RH,AMP,Mouse,4/30/2020,181,RH021,HDR template made from transforming bacteria with purchased plasmid from Gene Universal,,
"1045-FG12 HA-FAK-Y397E, GFP.dna",yes,1045,"FG12 HA-Ndel(375)-FAK, GFP",both,388 ng/uL,,DK,AMP,,,,,,,
,,1046,"FG12 HA-FAK-Y397E, GFP",both,216 ng/uL,,DK,AMP,,,,,,,
,,1047,pDEST FG12 CMV_GW,both,88 ng/uL,,DB/DK,AMP & CHLOR,,,,,"Chloramphenicol recombined out when you LR a gene into this vector, so select on AMP only",,
1048 - pCR8 GW-TOPO 3xFLAG-Pten (wild type).dna,yes,1048,"pDEST FG12 CMV_GW, SV40_Luciferase-IRES-eGFP",-20°C,2384.2 ng/uL,MaxiPrep,RF,AMP & CHLOR,,8/24/2021,,,"Chloramphenicol recombined out when you LR a gene into this vector, so select on AMP only",,
1049-pCR8 GW His-Pten (C124A).dna,yes,1049,pCR8 GW 3xFLAG-Pten,both ,31 ng/uL,Mini prep,DK,SPEC,Mouse ,,,,,,
1050-pCR8 GW Myc-Pten (G129E).dna,yes,1050,pCR8 GW His-Pten (C124A),-20°C,348 ng/uL,Mini prep,DK,SPEC,Mouse ,,,,,,
"1051-pCR8 GW V5-Pten (C124A, G129E).dna",yes,1051,pCR8 GW Myc-Pten (G129E),-20°C,178 ng/uL,Mini prep,DK,SPEC,Mouse ,,,,,,
"1052-FG12 CMV_3xFLAG-Pten, SV40_Luciferase-IRES-eGFP.dna",yes,1052,"pCR8 GW V5-Pten (C124A, G129E)",-20°C,,,DK,SPEC,Mouse ,,,,,,
"1053-FG12 CMV_His-Pten (C124A), SV40_Luciferase-IRES-eGFP.dna",yes,1053,"FG12 CMV_3xFLAG-Pten, SV40_Luciferase-IRES-eGFP",-20°C,410.4 ng/uL,Midi Prep,TT,AMP,Mouse ,10/2/2021,1052 (DK box B),,,,
"1054-FG12 CMV_Myc-Pten (G129E), SV40_Luciferase-IRES-eGFP.dna",yes,1054,"FG12 CMV_His-Pten (C124A), SV40_Luciferase-IRES-eGFP",-20°C,304.4 ng/ul,Maxi Prep,TT,AMP,Mouse ,,1053 (DK box B),,,,
"1055-FG12 CMV_3xFLAG-Pten (Y138L), SV40_Luciferase-IRES-eGFP.dna",yes,1055,"FG12 CMV_Myc-Pten (G129E), SV40_Luciferase-IRES-eGFP",-20°C,304.5 ng/ul,Maxi Prep,TT,AMP,Mouse ,,1054 (DK box B),,Backup stock of same concentration in separate box in -80,,
,,1056,"FG12 CMV_3xFLAG-Pten (Y138L), SV40_Luciferase-IRES-eGFP",-20°C,616.5 ng/ul,Maxi Prep,KS,AMP,Mouse ,6/15/2022,TT Glycerol Box,,,,
,,1057,"FG12 CMV_myr-HA-SGK1, SV40_Luciferase-IRES-eGFP",-20°C,852.8 ng/ul,Maxi Prep,RF,AMP,Human,8/11/2021,,,"Sequenced in DV, Transfected HEK293FT express GFP",,
,,1058,"FG12 CMV_myr-HA-SGK2, SV40_Luciferase-IRES-eGFP",-20°C,942.3 ng/ul,Maxi Prep,RF,AMP,Human,8/18/2021,,,"Sequenced in DV, Transfected HEK293FT express GFP",,
"1059-FG12 CMV_HA-Akt1-E17K, SV40_Luciferase-IRES-eGFP.dna",yes,1059,"FG12 CMV_myr-HA-SGK3, SV40_Luciferase-IRES-eGFP",-20°C,1350.0 ng/ul,Maxi Prep,RF,AMP,Human,,,,"Sequenced in DV, Transfected HEK293FT express GFP",Backup stock of 2897ng/ul plasmid in TT -80C plasmid box,
,,1060,"FG12 CMV_HA-Akt1-E17K, SV40_Luciferase-IRES-eGFP",both,507.5 ng/uL,Maxi Prep,DK,AMP,Mouse ,,1059 (DK box B),,Backup stock of concentration 273.3 ng/uL in separate box in -80,,
,,1061,"FG12 CMV_HA-Ndel(375)-FAK, SV40_Luciferase-IRES-eGFP",both,122.3 ng/uL,Maxi Prep,DK,AMP,Mouse ,,1060 (DK box B),,Backup stock of same concentration in separate box in -80,,
,,1062,pCR8 myr-deltaPH-Akt1,(-80°C emerg stock but maxiprepping to expand stock),,,GP,SPEC,Mouse ,,,,,,
,,1063,RCAS myr-deltaPH-Akt1,(-80°C emerg stock but maxiprepping to expand stock),,,GP,AMP,Mouse ,,,,,,
,,1064,pCR8 myr-deltaPH-Akt1-K179M,(-80°C emerg stock but maxiprepping to expand stock),,,GP,SPEC,Mouse,,,,,,
1065-pCR8 myr-HA-Akt1-T308A.dna,yes,1065,RCAS myr-deltaPH-Akt1-K179M,(-80°C emerg stock but maxiprepping to expand stock),,,GP,AMP,Mouse ,,,,,,
1066-RCAS myr-HA-Akt1-T308A.dna,yes,1066,pCR8 myr-HA-Akt1-T308A,(-80°C emerg stock but maxiprepping to expand stock),,,GP,SPEC,Mouse,,,,,,
1067-pCR8 myr-HA-Akt1-S473A.dna,yes,1067,RCAS myr-HA-Akt1-T308A,-20°C,91 ng/uL,Maxi Prep ,GP,AMP,Mouse,,1066 (GP box),,,,
1068-RCAS myr-HA-Akt1-S473A.dna,yes,1068,pCR8 myr-HA-Akt1-S473A,(-80°C emerg stock but maxiprepping to expand stock),,,GP,SPEC,Mouse,,,,,,
1069-pCR8 myr-HA-Akt1-T308D.dna,yes,1069,RCAS myr-HA-Akt1-S473A,-20°C,102.7 ng/uL,Midi Prep,GP,AMP,Mouse,,1068 (GP box),,Sequenced in entry vector,,
1070-RCAS myr-HA-Akt1-T308D.dna,yes,1070,pCR8 myr-HA-Akt1-T308D,(-80°C emerg stock but maxiprepping to expand stock),,,GP,SPEC,Mouse,,,,,,
1071-pCR8 myr-HA-Akt1-S473D.dna,yes,1071,RCAS myr-HA-Akt1-T308D,-20°C,541.1 ng/uL,Maxi Prep,KC,AMP,Mouse,,,,,,
1072-RCAS myr-HA-Akt1-S473D.dna,yes,1072,pCR8 myr-HA-Akt1-S473D,-20°C,142.2 ng/uL,Midi Prep,GP,SPEC,Mouse,,1071 (GP box) ,,Sequenced in entry vector,,
"1073-pCR8 myr-HA-Akt1-T308A, S473A.dna",yes,1073,RCAS myr-HA-Akt1-S473D,(-80°C emerg stock but maxiprepping to expand stock),,,GP,AMP,Mouse,,,,,,
"1074-RCAS myr-HA-Akt1-T308A, S473A.dna",yes,1074,"pCR8 myr-HA-Akt1-T308A, S473A",-20°C,475.3 ng/uL,Midi Prep,GP,SPEC,Mouse,,1073 (GP box),,Sequenced in entry vector,,
"1075-pCR8 myr-HA-Akt1-T308A, S473D.dna",yes,1075,"RCAS myr-HA-Akt1-T308A, S473A",-20°C,110.4 ng/uL,Maxi Prep ,GP,AMP,Mouse,,1074 (GP box) ,,,,
"1076-RCAS myr-HA-Akt1-T308A, S473D.dna",yes,1076,"pCR8 myr-HA-Akt1-T308A, S473D",(IN PROGRESS),,,,SPEC,Mouse,,,,,,
"1077-pCR8 myr-HA-Akt1-T308D, S473A.dna",yes,1077,"RCAS myr-HA-Akt1-T308A, S473D",(IN PROGRESS),,,,AMP,Mouse,,,,,,
"1078-RCAS myr-HA-Akt1-T308D, S473A.dna",yes,1078,"pCR8 myr-HA-Akt1-T308D, S473A",(IN PROGRESS),,,,SPEC,Mouse,,,,,,
"1079-pCR8 myr-HA-Akt1-T308D, S473D.dna",yes,1079,"RCAS myr-HA-Akt1-T308D, S473A",-20°C,620 ng/uL,Maxi Prep ,KC,AMP,Mouse,,,,,,
"1080-RCAS myr-HA-Akt1-T308D, S473D.dna",yes,1080,"pCR8 myr-HA-Akt1-T308D, S473D",-20°C,573.6 ng/uL,Maxi Prep,GP,SPEC,Mouse,,1079 (GP box),,,,
,,1081,"RCAS myr-HA-Akt1-T308D, S473D",-20°C,631.7 ng/uL,Maxi Prep ,KC,AMP,Mouse,,,,,,
,,1082,pCR8 GW TOPO HA-FAK(K454R),-20°C,570.4 ng/ul,Mini Prep,TT,SPEC,Mouse,7/7/2021,,,Verified via digest and sequencing,,
"1083-FG12 CMV_HA-FAK(Y397E), SV40_Luciferase-IRES-eGFP.dna",yes,1083,"FG12 CMV_HA-FAK(WT), SV40_Luciferase-IRES-eGFP",-20°C,747.5 ng/ul,Maxi Prep,TT,AMP,Mouse,7/15/2021,,,Verified via digest,,
,,1084,"FG12 CMV_HA-FAK(Y397E), SV40_Luciferase-IRES-eGFP",-20°C,164.2 ng/ul,Midi Prep,TT,AMP,Mouse,6/26/2021,,,Verified via digest,,
,,1085,"FG12 CMV_HA-FAK(K454R), SV40_Luciferase-IRES-eGFP",-20°C,569.2 ng/ul,Maxi Prep,TT,AMP,Mouse,7/15/2021,,,Verified via digest,,
,,1086,pCR8 GW 3xFLAG-Pten (Y138L),-20°C,387.3 ng/ul,Mini Prep,TT,SPEC,Mouse,4/6/2022,TT Glycerol Box,,Verified via digest and sequencing,,
,,1087,"FG12 CMV_NCAM1(no tag), SV40_Luciferase-IRES-eGFP",-20°C,1176.5ng/ul,Maxi Prep,TE,AMP,Human,6/23/2022,TE glycerol stock box 1086,,Verified via digest,,
,,1088,,,,,,,,,,,,,
,,1089,pDONR223_SGK1 (WT),-20°C,1296.3 ng/uL,Maxi Prep ,KC,SPEC,Human ,,,,Purchased from addgene,,
,,1090,pDONR223_SGK3 (WT),-20°C,2082 ng/uL,Maxi Prep ,KC,SPEC,Human ,,,,Purchased from addgene,,
,,1091,"FG12 CMV_SGK1, SV40_Luciferase-IRES-eGFP (WT)",-20°C,586.9 ng/ul,Maxi Prep ,RF,AMP,Human,,,,,,
1092-pDONR221-myr-HA-SGK1-K127M.dna,yes,1092,"FG12 CMV_SGK3, SV40_Luciferase-IRES-eGFP (WT)",-20°C,1649.4 ng/ul,Maxi Prep ,RF,AMP,Human,,,,,,
"1093-FG12 CMV_myr-HA-SGK1-K127M, SV40_Luciferase-IRES-eGFP.dna",yes,1093,pDONR221-myr-HA-SGK1-K127M,-20°C,256 ng/ul,Mini Prep,KC,KAN,,,,,,,
1094-pDONR221-myr-HA-SGK3-K191M.dna,yes,1094,"FG12 CMV_myr-HA-SGK1-K127M, SV40_Luciferase-IRES-eGFP ",-20°C,1697 ng/ul,Maxi Prep,RF,AMP,,8/23/2021,,,"sequenced in DV, transfected HEKS express GFP",,
1095-FG12 CMV_myr-HA-SGK3-K191M SV40_Luciferase-IRES-eGFP.dna,yes,1095,pDONR221-myr-HA-SGK3-K191M,-20°C,298.6 ng/ul,Mini Prep,KC,KAN,,,,,,,
,,1096,FG12 CMV_myr-HA-SGK3-K191M SV40_Luciferase-IRES-eGFP ,-20°C,1258.6 ng/ul,Maxi Prep,RF,AMP,,8/23/2021,,,"sequenced in DV, transfected HEKS express GFP",,
,,1097,,,,,,,,,,,,,
,,1098,,,,,,,,,,,,,
,,1099,,,,,,,,,,,,,
,,1101,,,,,,,,,,,,,
,,1102,pENTR 2B Cre U6 Sapl,-20°C,372 ng/uL,MaxiPrep,MV,KAN,,2019,182,VanBrocklin Lab,"entry vector for guide RNAs when doing CRISPR/CAS9 (Includes Cre, unlike plasmid 1020)",,
,,1103,pENTRDsRedEx2,-20°C,2117.9 ng/uL,MaxiPrep,JP,KAN,,2022,,https://www.addgene.org/22451/,,,
,,1104,RCAS-DsRedEx2,-20°C,,MaxiPrep,SCI,AMP,,2022,,,,,
,,1105,pENTR221_NCAM1 (No Stop Codon),-20°C,537.4 ng/ul,Mini Prep,JP,KAN,,2022,1104 (JP Glycerol Box),,,,
,,1106,pENTR221_NRCAM (No Stop Codon),-20°C,,Mini Prep,,,,,,,,,
,,1107,pENTR221_NELL1 (No Stop Codon),-20°C,,Mini Prep,,,,,,,,,
,,1108,pENTR221_TIMP1 (No Stop Codon),-20°C,,Mini Prep,,,,,,,,,
,,1109,RCAS Y DV CHA-NCAM1 (from Plasmid #50),-20°C,273.4 ng/ul,Maxi Prep,JP,AMP,,2022,,,,,
,,1110,RCASBP(A)-Cre,-20°C,849.6 ng/ul,Maxi Prep,KS,AMP,,7/5/2022,KS Glycerol,,,,
,,1111,RCAS-GFP,-20°C,2160 ng/ul,Maxi Prep,RF,AMP,,10/8/2021,1110 (TT Glycerol Box),,,,
,,1112,RCAS-BRAF(KD)-P2A-Cre,-20°C,149.1 ng/ul,Maxi Prep,James Robinson,AMP,,Received 6/22/22,,,Supplied by James Robinson ,,
,,1113,pMK-HA-BRAF(KD)-VE-p2A-Cre,-20°C,275.7 ng/ul,Mini Prep,SS/TT ,KAN,,7/12/2022,1112,,Supplied by James Robinson ,,
