,meta,sequence_file,file,vector,vector_name,num4,potential_file_name
1,this is a description of the file that can appear in the 1st column or row or whatever. ,,,1,RCAS AP,1,0001-RCAS AP.dna
2,,,,2,RCAS c myc,2,0002-RCAS c myc.dna
3,,,,3,RCAS LacZ,3,0003-RCAS LacZ.dna
4,,,,4,RCAS GFP,4,0004-RCAS GFP.dna
5,,0005-RCASBP(A) EGFRviii.dna,yes,5,RCASBP(A) EGFRviii,5,0005-RCASBP(A) EGFRviii.dna
6,,,,6,RCAS cyclinD1,6,0006-RCAS cyclinD1.dna
7,,,,7,RCAS S37AB catenin,7,0007-RCAS S37AB catenin.dna
8,,,,8,RCAS middleT,8,0008-RCAS middleT.dna
9,,,,9,RCAS Tag,9,0009-RCAS Tag.dna
10,,,,10,RCAS Puro,10,0010-RCAS Puro.dna
11,,,,11,RCAS Tyrosinase,11,0011-RCAS Tyrosinase.dna
12,,,,12,RCAS B lac,12,0012-RCAS B lac.dna
13,,,,13,RCASBP(A) luciferase,13,0013-RCASBP(A) luciferase.dna
14,,0014-RCAS X.gb,yes,14,RCAS X,14,0014-RCAS X.gb
15,,,,15,RCASBP  Y DV(A) ,15,0015-RCASBP  Y DV(A) .dna
16,,,,16,Tet on RCAS X,16,0016-Tet on RCAS X.dna
17,,,,17,RCAS B AKT (bovine),17,0017-RCAS B AKT (bovine).dna
18,,,,18,"RCAS BP (A) AKT HA (mouse myr-Akt-HA, used on all DCT Ms)",18,"0018-RCAS BP (A) AKT HA (mouse myr-Akt-HA, used on all DCT Ms).dna"
19,,,,19,RCAS BP(A) ΔAKT HA (mouse myr-AktΔ11-60-HA),19,0019-RCAS BP(A) ΔAKT HA (mouse myr-AktΔ11-60-HA).dna
20,,,,20,RCAS HA k rasG12D,20,0020-RCAS HA k rasG12D.dna
21,,,,21,RCAS k ras FLAG,21,0021-RCAS k ras FLAG.dna
22,,,,22,RCAS k rasV12 MP1,22,0022-RCAS k rasV12 MP1.dna
23,,,,23,RCAS h ras HA,23,0023-RCAS h ras HA.dna
24,,,,24,RCAS h ras V12,24,0024-RCAS h ras V12.dna
25,,,,25,RCAS huHGF,25,0025-RCAS huHGF.dna
26,,,,26,RCAS bFGF,26,0026-RCAS bFGF.dna
27,,,,27,RCAS RFP,27,0027-RCAS RFP.dna
28,,,,28,RCAS cdk5 IRES p25,28,0028-RCAS cdk5 IRES p25.dna
29,,,,29,RCAS p25 IRS,29,0029-RCAS p25 IRS.dna
30,,,,30,RCAS Bfl 1,30,0030-RCAS Bfl 1.dna
31,,0031-hRSK1 myrY702A pDest RCAS.gb,yes,31,hRSK1 myr/Y702A pDest RCAS,31,0031-hRSK1 myrY702A pDest RCAS.gb
32,,,,32,RSKwt RCAS GW,32,0032-RSKwt RCAS GW.dna
33,,,,33,RCAS Y  MEK1 GF,33,0033-RCAS Y  MEK1 GF.dna
34,,,,34,RCAS Nk4,34,0034-RCAS Nk4.dna
35,,,,35,RCAS Nk4 HA,35,0035-RCAS Nk4 HA.dna
36,,,,36,RCAS FRAT1 Flag,36,0036-RCAS FRAT1 Flag.dna
37,,,,37,RCAS CKI epsilon,37,0037-RCAS CKI epsilon.dna
38,,,,38,RCAS Wnt1 HA,38,0038-RCAS Wnt1 HA.dna
39,,,,39,RCAS Wnt5A,39,0039-RCAS Wnt5A.dna
40,,,,40,RCASBP(c) sTVA GFP,40,0040-RCASBP(c) sTVA GFP.dna
41,,,,41,RCAS Large T,41,0041-RCAS Large T.dna
42,,0042-RCAS Y DV.dna,yes,42,RCAS Y DV,42,0042-RCAS Y DV.dna
43,,0043-pYAP6.gb,yes,43,pYAP6,43,0043-pYAP6.gb
44,,,,44,pYAP6 CMV GFP,44,0044-pYAP6 CMV GFP.dna
45,,,,45,pYAP6 GFP,45,0045-pYAP6 GFP.dna
46,,,,46,pEntr3C CMV GFP,46,0046-pEntr3C CMV GFP.dna
47,,,,47,pEntr3C GFP,47,0047-pEntr3C GFP.dna
48,,,,48,pDEST RCAS hRSK1 myr,48,0048-pDEST RCAS hRSK1 myr.dna
49,,0049-RCAS Y DV NHA.dna,yes,49,RCAS Y DV NHA,49,0049-RCAS Y DV NHA.dna
50,,0050-RCAS Y DV CHA.dna,yes,50,RCAS Y DV CHA,50,0050-RCAS Y DV CHA.dna
51,,,,51,RCAS Cre,51,0051-RCAS Cre.dna
52,,0052-RCAS Cre GFP.dna,yes,52,RCAS Cre GFP,52,0052-RCAS Cre GFP.dna
53,,,,53,RCAS Tet off,53,0053-RCAS Tet off.dna
54,,,,54,RCAS Y DV BRAF wt,54,0054-RCAS Y DV BRAF wt.dna
55,,,,55,RCAS Y DV BRAF V599E,55,0055-RCAS Y DV BRAF V599E.dna
56,,,,56,pENTR3C BRAF ,56,0056-pENTR3C BRAF .dna
57,,,,57,pENTR3C BRAF V599E ,57,0057-pENTR3C BRAF V599E .dna
58,,0058-pENTR3C RSK CAI.dna,yes,58,pENTR3C RSK CAI ,58,0058-pENTR3C RSK CAI.dna
59,,0059-pENTR3C RSK CAII.dna,yes,59,pENTR3C RSK CAII ,59,0059-pENTR3C RSK CAII.dna
60,,,,60,RCAS Y DV Nras Q61R,60,0060-RCAS Y DV Nras Q61R.dna
61,,,,61,RCAS Y DV RSK CAI,61,0061-RCAS Y DV RSK CAI.dna
62,,,,62,RCAS Y DV RSK CAII,62,0062-RCAS Y DV RSK CAII.dna
63,,0063-pENTR3C Bcl XL.dna,yes,63,pENTR3C Bcl XL,63,0063-pENTR3C Bcl XL.dna
64,,,,64,pENTR3C Nras Q61R,64,0064-pENTR3C Nras Q61R.dna
65,,,,65,RCAS Y DV Bcl XL,65,0065-RCAS Y DV Bcl XL.dna
66,,,,66,RCASBP(M2C) 797 8 (reduced toxicity ampho),66,0066-RCASBP(M2C) 797 8 (reduced toxicity ampho).dna
67,,0067-RCASBP(A) survivin.dna,yes,67,RCASBP(A) survivin,67,0067-RCASBP(A) survivin.dna
68,,0068-pENTR3C survivin.dna,yes,68,pENTR3C survivin,68,0068-pENTR3C survivin.dna
69,,,,69,RCASBP(M) Rfc.1 (Destination Vector) clone #2,69,0069-RCASBP(M) Rfc.1 (Destination Vector) clone #2.dna
70,,,,70,RCANBP(M) DV clone #7,70,0070-RCANBP(M) DV clone #7.dna
71,,,,71,RCANBP(M) clone #13,71,0071-RCANBP(M) clone #13.dna
72,,0072-RCASBP(M) Nras Q61R.dna,yes,72,RCASBP(M) Nras Q61R,72,0072-RCASBP(M) Nras Q61R.dna
73,,,,73,RCASBP(M) Braf,73,0073-RCASBP(M) Braf.dna
74,,0074-RCASBP(M) Braf V599E.dna,yes,74,RCASBP(M) Braf V599E,74,0074-RCASBP(M) Braf V599E.dna
75,,0075-RCASBP(M) RSK CAI.dna,yes,75,RCASBP(M) RSK CAI,75,0075-RCASBP(M) RSK CAI.dna
76,,0076-RCASBP(M) RSK CAII.dna,yes,76,RCASBP(M) RSK CAII,76,0076-RCASBP(M) RSK CAII.dna
77,,0077-RCASBP(M) Bcl XL.dna,yes,77,RCASBP(M) Bcl XL,77,0077-RCASBP(M) Bcl XL.dna
78,,,,78,RCASBP(M) Survivin,78,0078-RCASBP(M) Survivin.dna
79,,0079-RCASBP(M) Bfl 1.dna,yes,79,RCASBP(M) Bfl 1,79,0079-RCASBP(M) Bfl 1.dna
80,,0080-RCASBP(M) GFP.dna,yes,80,RCASBP(M) GFP,80,0080-RCASBP(M) GFP.dna
81,,,,81,RCANBP(M) GFP,81,0081-RCANBP(M) GFP.dna
82,,,,82,RCANBP(M) CMV GFP,82,0082-RCANBP(M) CMV GFP.dna
83,,0083-RCASBP(M) RFC.1.dna,yes,83,RCASBP(M) RFC.1,83,0083-RCASBP(M) RFC.1.dna
84,,0084-RCASBP(M) hBID.dna,yes,84,RCASBP(M) hBID,84,0084-RCASBP(M) hBID.dna
85,,0085-RCASBP(M) hBad wt.dna,yes,85,RCASBP(M) hBad wt,85,0085-RCASBP(M) hBad wt.dna
86,,0086-RCASBP(M) hBad 3SA.dna,yes,86,RCASBP(M) hBad 3SA,86,0086-RCASBP(M) hBad 3SA.dna
87,,0087-RCASBP(M) Bim EL.dna,yes,87,RCASBP(M) Bim EL,87,0087-RCASBP(M) Bim EL.dna
88,,0088-RCASBP(M) Bim L.dna,yes,88,RCASBP(M) Bim L,88,0088-RCASBP(M) Bim L.dna
89,,0089-RCASBP(M) Bim S.dna,yes,89,RCASBP(M) Bim S,89,0089-RCASBP(M) Bim S.dna
90,,,,90,pENTR3C hBAD 3SA,90,0090-pENTR3C hBAD 3SA.dna
91,,,,91,pENTR3C hBAD wt,91,0091-pENTR3C hBAD wt.dna
92,,,,92,pENTR3C hBid,92,0092-pENTR3C hBid.dna
93,,,,93,pENTR3C Bim EL,93,0093-pENTR3C Bim EL.dna
94,,0094-pENTR3C Bim L.dna,yes,94,pENTR3C Bim L,94,0094-pENTR3C Bim L.dna
95,,,,95,pENTR3C Bim S,95,0095-pENTR3C Bim S.dna
96,,,,96,RCANBP(M) Bad 24,96,0096-RCANBP(M) Bad 24.dna
97,,,,97,RCANBP(A) Bad 24,97,0097-RCANBP(A) Bad 24.dna
98,,,,98,RCANBP(M) Bad 433,98,0098-RCANBP(M) Bad 433.dna
99,,,,99,RCANBP(M) Bad 445,99,0099-RCANBP(M) Bad 445.dna
100,,,,100,RCANBP(A) Bad 445,100,0100-RCANBP(A) Bad 445.dna
101,,,,101,RCANBP(A) Bim 37,101,0101-RCANBP(A) Bim 37.dna
102,,,,102,RCANBP(A) Bad 433,102,0102-RCANBP(A) Bad 433.dna
103,,0103-RCANBP(M) Bim 37.dna,yes,103,RCANBP(M) Bim 37,103,0103-RCANBP(M) Bim 37.dna
104,,,,104,RCASBP(M) T34A survivin,104,0104-RCASBP(M) T34A survivin.dna
105,,,,105,RCASBP(M) C84A survivin,105,0105-RCASBP(M) C84A survivin.dna
106,,,,106,RCANBP(M) Bim 37 clone #1,106,0106-RCANBP(M) Bim 37 clone #1.dna
107,,,,107,RCANBP(M) Bim 37 clone #2,107,0107-RCANBP(M) Bim 37 clone #2.dna
108,,,,108,pENTR Tet Off mini prep #1,108,0108-pENTR Tet Off mini prep #1.dna
109,,,,109,pENTR3C tvb 703,109,0109-pENTR3C tvb 703.dna
110,,,,110,pENTR3C tvb 889,110,0110-pENTR3C tvb 889.dna
111,,,,111,pENTR3C tvb 1121,111,0111-pENTR3C tvb 1121.dna
112,,0112-RCASBP(A) Tet Off.gb,yes,112,RCASBP(A) Tet Off,112,0112-RCASBP(A) Tet Off.gb
113,,,,113,Bim EL S59A (from mp#7),113,0113-Bim EL S59A (from mp#7).dna
114,,,,114,Bim EL S77A (from mp#15),114,0114-Bim EL S77A (from mp#15).dna
115,,,,115,Bim EL T34A (from mp#39),115,0115-Bim EL T34A (from mp#39).dna
116,,,,116,RCANBP(A) tvb 703,116,0116-RCANBP(A) tvb 703.dna
117,,,,117,RCANBP(A) tvb 889,117,0117-RCANBP(A) tvb 889.dna
118,,,,118,RCANBP(A) tvb 1121,118,0118-RCANBP(A) tvb 1121.dna
119,,0119-pTRE2hyg.dna,yes,119,pTRE2hyg,119,0119-pTRE2hyg.dna
120,,,,120,pCR8 GW TOPO NRas ,120,0120-pCR8 GW TOPO NRas .dna
121,,,,121,RCASBP(A) NRas wt,121,0121-RCASBP(A) NRas wt.dna
122,,,,122,RCASBP(M) NRas wt,122,0122-RCASBP(M) NRas wt.dna
123,,,,123,pCR8 GW TOPO NRas QC V12 (T >G) mp#5,123,0123-pCR8 GW TOPO NRas QC V12 (T G) mp#5.dna
124,,0124-RCANBP(A) TRE Akt HA.dna,yes,124,RCANBP(A) TRE Akt HA,124,0124-RCANBP(A) TRE Akt HA.dna
125,,,,125,RCASBP(A) NRas V12,125,0125-RCASBP(A) NRas V12.dna
126,,0126-RCASBP(M) NRas V12.dna,yes,126,RCASBP(M) NRas V12,126,0126-RCASBP(M) NRas V12.dna
127,,,,127,pDEST R4 R3 TK (from Matt Edick),127,0127-pDEST R4 R3 TK (from Matt Edick).dna
128,,,,128,RCANBP(A) H1shGFP,128,0128-RCANBP(A) H1shGFP.dna
129,,,,129,RCANBP(A) mU6shGFP,129,0129-RCANBP(A) mU6shGFP.dna
130,,0130-RCASBP(A) HRas.dna,yes,130,RCASBP(A) HRas,130,0130-RCASBP(A) HRas.dna
131,,0131-RCANBP(A) cU6 2shGFP.dna,yes,131,RCANBP(A) cU6 2shGFP,131,0131-RCANBP(A) cU6 2shGFP.dna
132,,,,132,RCAS c myc (same as #2 in DB),132,0132-RCAS c myc (same as #2 in DB).dna
133,,0133-pENTR3C cU6 2 chicken GAPDH.dna,yes,133,pENTR3C cU6 2 chicken GAPDH,133,0133-pENTR3C cU6 2 chicken GAPDH.dna
134,,,,134,pENTR3C H1 chicken GAPDH mp DNA from Jen White,134,0134-pENTR3C H1 chicken GAPDH mp DNA from Jen White.dna
135,,,,135,RCANBP(A) cU6 2chickenGAPDH shGFP,135,0135-RCANBP(A) cU6 2chickenGAPDH shGFP.dna
136,,,,136,pENTR3C TRE Akt HA mp DNA,136,0136-pENTR3C TRE Akt HA mp DNA.dna
137,,,,137,RCANBP(A) H1chickenshGAPDH,137,0137-RCANBP(A) H1chickenshGAPDH.dna
138,,,,138,pENTR3c TRE2BMF,138,0138-pENTR3c TRE2BMF.dna
139,,,,139,pENTR3c TRE2BMF L138A,139,0139-pENTR3c TRE2BMF L138A.dna
140,,,,140,pENTR3c TRE2BIK,140,0140-pENTR3c TRE2BIK.dna
141,,,,141,RCANBP(M) TRE BMF clone#1,141,0141-RCANBP(M) TRE BMF clone#1.dna
142,,,,142,RCANBP(M) TRE BMFL138A clone#1,142,0142-RCANBP(M) TRE BMFL138A clone#1.dna
143,,,,143,RCANBP(M) TRE Bik clone#3,143,0143-RCANBP(M) TRE Bik clone#3.dna
144,,,,144,pENTR3C KRas mp#3,144,0144-pENTR3C KRas mp#3.dna
145,,,,145,pENTR3C Akt mp#2,145,0145-pENTR3C Akt mp#2.dna
146,,0146-RCASBP(M)FLAG Kras.dna,yes,146,RCASBP(M)FLAG Kras,146,0146-RCASBP(M)FLAG Kras.dna
147,,,,147,RCASBP(M) Akt,147,0147-RCASBP(M) Akt.dna
148,,,,148,pTet On (From MVB),148,0148-pTet On (From MVB).dna
149,,,,149,pENTR3c myc,149,0149-pENTR3c myc.dna
150,,,,150,RCASBP(M) myc (mini prep),150,0150-RCASBP(M) myc (mini prep).dna
151,,,,151,RCASBP(M) myc.1 maxiprep,151,0151-RCASBP(M) myc.1 maxiprep.dna
152,,0152-pENTR3c iresPURO.dna,yes,152,pENTR3c iresPURO,152,0152-pENTR3c iresPURO.dna
153,,0153-pENTR3c rtTA iresPURO.dna,yes,153,pENTR3c rtTA iresPURO,153,0153-pENTR3c rtTA iresPURO.dna
154,,,,154,pENTR3C shGFP #1 2/4/06,154,0154-pENTR3C shGFP #1 2406.dna
155,,,,155,pENTR3C H1 shGFP #1 7/25/05,155,0155-pENTR3C H1 shGFP #1 72505.dna
156,,,,156,RCASBP(M) rtTA IRES PURO clone #2,156,0156-RCASBP(M) rtTA IRES PURO clone #2.dna
157,,0157-RCASBP(A) H1shGFP.dna,yes,157,RCASBP(A) H1shGFP,157,0157-RCASBP(A) H1shGFP.dna
158,,0158-RCASBP(A) shGFP.dna,yes,158,RCASBP(A) shGFP,158,0158-RCASBP(A) shGFP.dna
159,,,,159,pTRE2Hygro BMF,159,0159-pTRE2Hygro BMF.dna
160,,,,160,pTRE2Hygro BMFL138A,160,0160-pTRE2Hygro BMFL138A.dna
161,,,,161,pTRE2Hygro Bik,161,0161-pTRE2Hygro Bik.dna
162,,,,162,pTRE2Hygro BikL61G,162,0162-pTRE2Hygro BikL61G.dna
163,,0163-pBluescript EGFRvIII  #1.dna,yes,163,pBluescript EGFRvIII  #1,163,0163-pBluescript EGFRvIII  #1.dna
164,,,,164,pBluescript EGFRvIII  #1 4/19/06 maxi,164,0164-pBluescript EGFRvIII  #1 41906 maxi.dna
165,,,,165,pENTR3c EGFRvIII clone 10,165,0165-pENTR3c EGFRvIII clone 10.dna
166,,,,166,RCASBP(M)EGFR*,166,0166-RCASBP(M)EGFR.dna
167,,,,167,pENTR3C-Tre-mirnoleader,167,0167-pENTR3C-Tre-mirnoleader.dna
168,,,,168,pENTR3c TRE_EGFRvIII clone3,168,0168-pENTR3c TRE_EGFRvIII clone3.dna
169,,,,169,pENTR3c TRE EGFRvIII clone5,169,0169-pENTR3c TRE EGFRvIII clone5.dna
170,,0170-pENTR3cmir no prom no leader.dna,yes,170,pENTR3cmir no prom no leader,170,0170-pENTR3cmir no prom no leader.dna
171,,,,171,pENTR3c RAV2 112,171,0171-pENTR3c RAV2 112.dna
172,,,,172,pENTR3c RAV2 214,172,0172-pENTR3c RAV2 214.dna
173,,,,173,pENTR3c RAV2 408,173,0173-pENTR3c RAV2 408.dna
174,,,,174,pENTR3c RAV2 510,174,0174-pENTR3c RAV2 510.dna
175,,,,175,pENTR3c RAV2 854,175,0175-pENTR3c RAV2 854.dna
176,,,,176,RCAS mir 112,176,0176-RCAS mir 112.dna
177,,,,177,RCAS mir 214,177,0177-RCAS mir 214.dna
178,,,,178,RCAS mir 408,178,0178-RCAS mir 408.dna
179,,,,179,RCAS mir 510,179,0179-RCAS mir 510.dna
180,,,,180,RCAS mir 854,180,0180-RCAS mir 854.dna
181,,,,181,DASBP egfp,181,0181-DASBP egfp.dna
182,,,,182,DANBP cmv gfp,182,0182-DANBP cmv gfp.dna
183,,,,183,DASBR,183,0183-DASBR.dna
184,,0184-DANBP.dna,yes,184,DANBP,184,0184-DANBP.dna
185,,,,185,penv(A),185,0185-penv(A).dna
186,,0186-DASBPLANC.dna,yes,186,DASBPLANC,186,0186-DASBPLANC.dna
187,,,,187,RCANBP∆F1`,187,0187-RCANBP∆F1`.dna
188,,,,188,RCASBP∆F1`,188,0188-RCASBP∆F1`.dna
189,,,,189,pBK7 6 2,189,0189-pBK7 6 2.dna
190,,0190-pDsRed 2.1.gb,yes,190,pDsRed 2.1,190,0190-pDsRed 2.1.gb
191,,,,191,RCASBP(A) EGFP cmir30/luc1309,191,0191-RCASBP(A) EGFP cmir30luc1309.dna
192,,,,192,RCASBP(A) EGFP cmir30/EGFP,192,0192-RCASBP(A) EGFP cmir30EGFP.dna
193,,,,193,FG12 cmv,193,0193-FG12 cmv.dna
194,,,,194,pDest FG12 cmv,194,0194-pDest FG12 cmv.dna
195,,,,195,FG12 cmv mir510,195,0195-FG12 cmv mir510.dna
196,,,,196,FG12 cmv Jdcont,196,0196-FG12 cmv Jdcont.dna
197,,,,197,pEntr Braf(V600E)/V5 HisA,197,0197-pEntr Braf(V600E)V5 HisA.dna
198,,,,198,RAP,198,0198-RAP.dna
199,,,,199,MESD,199,0199-MESD.dna
200,,,,200,wt Lrp5 Myc,200,0200-wt Lrp5 Myc.dna
201,,,,201,Lrp5 D11Y,201,0201-Lrp5 D11Y.dna
202,,,,202,Lrp5 G171R,202,0202-Lrp5 G171R.dna
203,,,,203,Lrp5 G171V,203,0203-Lrp5 G171V.dna
204,,,,204,Lrp5 A214T,204,0204-Lrp5 A214T.dna
205,,,,205,Lrp5 A214V,205,0205-Lrp5 A214V.dna
206,,,,206,Lrp5 A242T,206,0206-Lrp5 A242T.dna
207,,,,207,Lrp5 T253I,207,0207-Lrp5 T253I.dna
208,,,,208,RCASBP(A)Tet On,208,0208-RCASBP(A)Tet On.dna
209,,,,209,RCASBP(A)Tet On IRES Puro,209,0209-RCASBP(A)Tet On IRES Puro.dna
210,,,,210,RCASBP(A)Tet On IRES GFP,210,0210-RCASBP(A)Tet On IRES GFP.dna
211,,,,211,RCANBP(A) TRE KRAS FLAG,211,0211-RCANBP(A) TRE KRAS FLAG.dna
212,,,,212,RCANBP(A) DV,212,0212-RCANBP(A) DV.dna
213,,,,213,pENTR3C TRE KRAS FLAG,213,0213-pENTR3C TRE KRAS FLAG.dna
214,,,,214,pENTR TRE,214,0214-pENTR TRE.dna
215,,,,215,FG12 CMV RSK K94/447R,215,0215-FG12 CMV RSK K94447R.dna
216,,,,216,pCR8/GW/TOPO Mek_GF V5 clone#1,216,0216-pCR8GWTOPO Mek_GF V5 clone#1.dna
217,,,,217,RCAS DV (A) c Kit,217,0217-RCAS DV (A) c Kit.dna
218,,,,218,RCASBP DV (A) c Kit HA,218,0218-RCASBP DV (A) c Kit HA.dna
219,,,,219,RCAS DV (A) AKT3,219,0219-RCAS DV (A) AKT3.dna
220,,,,220,RCASBP DV (A) Myr AKT3,220,0220-RCASBP DV (A) Myr AKT3.dna
221,,,,221,RCAS DV (A) BRAF (MIKL),221,0221-RCAS DV (A) BRAF (MIKL).dna
222,,,,222,RCAS DV (A) BRAF (MIKL) VE,222,0222-RCAS DV (A) BRAF (MIKL) VE.dna
223,,,,223,RCAS DV (A) HGF Xpress,223,0223-RCAS DV (A) HGF Xpress.dna
224,,,,224,RCAS DV (A) Nras (HA) IRES GFP,224,0224-RCAS DV (A) Nras (HA) IRES GFP.dna
225,,,,225,RCAN DV (A) TRE NRas IRES GFP,225,0225-RCAN DV (A) TRE NRas IRES GFP.dna
226,,,,226,RCAS DV (A) XIAP,226,0226-RCAS DV (A) XIAP.dna
227,,,,227,RCAS BP (M) XIAP V5,227,0227-RCAS BP (M) XIAP V5.dna
228,,,,228,RCAS DV (A) ATX (autotaxin),228,0228-RCAS DV (A) ATX (autotaxin).dna
229,,,,229,RCAS DV (A) ATX HA,229,0229-RCAS DV (A) ATX HA.dna
230,,,,230,pENTR 3C Bcl 2 HA,230,0230-pENTR 3C Bcl 2 HA.dna
231,,,,231,pENTR 3C Bcl xL HA,231,0231-pENTR 3C Bcl xL HA.dna
232,,,,232,pENTR 3C Bfl 1 HA,232,0232-pENTR 3C Bfl 1 HA.dna
233,,,,233,pENTR 3C Mcl 1 HA,233,0233-pENTR 3C Mcl 1 HA.dna
234,,,,234,pENTR 3C Bim V5,234,0234-pENTR 3C Bim V5.dna
235,,,,235,pENTR 3C Bmf V5,235,0235-pENTR 3C Bmf V5.dna
236,,,,236,pENTR 3C Bmf L138A V5,236,0236-pENTR 3C Bmf L138A V5.dna
237,,,,237,pCR8 AKT3,237,0237-pCR8 AKT3.dna
238,,,,238,pCR8 c Kit,238,0238-pCR8 c Kit.dna
239,,,,239,pCR8 c Kit HA,239,0239-pCR8 c Kit HA.dna
240,,,,240,pCR8 Myr AKT3,240,0240-pCR8 Myr AKT3.dna
241,,0241-pENTRD BRAF (MIKL).dna,yes,241,pENTR/D BRAF (MIKL),241,0241-pENTRD BRAF (MIKL).dna
242,,,,242,pENTR/D BRAF (MIKL) VE,242,0242-pENTRD BRAF (MIKL) VE.dna
243,,,,243,RCAS DV (A) Nras(Q61R) IRES CRE,243,0243-RCAS DV (A) Nras(Q61R) IRES CRE.dna
244,,,,244,RCAS DV (A) Bfl 1 HA,244,0244-RCAS DV (A) Bfl 1 HA.dna
245,,,,245,RCAS DV (A) Bcl 2 HA,245,0245-RCAS DV (A) Bcl 2 HA.dna
246,,,,246,RCAS DV (A) Bcl xL HA,246,0246-RCAS DV (A) Bcl xL HA.dna
247,,,,247,RCAS DV (A) Mcl 1 HA,247,0247-RCAS DV (A) Mcl 1 HA.dna
248,,,,248,pENTR 3C TRE Nras IRES AKT,248,0248-pENTR 3C TRE Nras IRES AKT.dna
249,,,,249,pENTR 3C Kras (FLAG),249,0249-pENTR 3C Kras (FLAG).dna
250,,,,250,pENTR 3C TRE Kras IRES AKT,250,0250-pENTR 3C TRE Kras IRES AKT.dna
251,,,,251,FG12 CMV DYNLL1,251,0251-FG12 CMV DYNLL1.dna
252,,,,252,FG12 CMV DYNLL2,252,0252-FG12 CMV DYNLL2.dna
253,,,,253,pCR8 DYNLL1,253,0253-pCR8 DYNLL1.dna
254,,,,254,pCR8 DYNLL2,254,0254-pCR8 DYNLL2.dna
255,,,,255,pCR8 AKT1 with Sal/Spe sites on ends,255,0255-pCR8 AKT1 with SalSpe sites on ends.dna
256,,,,256,RCAN (X) DV TRE Kras IRES AKT,256,0256-RCAN (X) DV TRE Kras IRES AKT.dna
257,,0257-pDEST R4 R3 (from Dong).dna,yes,257,pDEST R4 R3 (from Dong),257,0257-pDEST R4 R3 (from Dong).dna
258,,,,258,pDEST R4 R3 TK (from Dong),258,0258-pDEST R4 R3 TK (from Dong).dna
259,,,,259,pDEST FG12 CMV cMET #3,259,0259-pDEST FG12 CMV cMET #3.dna
260,,,,260,pDEST FG12 CMV cMET #7,260,0260-pDEST FG12 CMV cMET #7.dna
261,,,,261,pDEST FG12 CMV cMET #11,261,0261-pDEST FG12 CMV cMET #11.dna
262,,,,262,pBluescript SK   RFA rc #7,262,0262-pBluescript SK   RFA rc #7.dna
263,,,,263,pBluescript SK   RFA #1,263,0263-pBluescript SK   RFA #1.dna
264,,,,264,pENTR3C 2LoxP miR 590 FRT NEO #3,264,0264-pENTR3C 2LoxP miR 590 FRT NEO #3.dna
265,,,,265,pDONR P2R P3 3' homology #57 miR 590,265,0265-pDONR P2R P3 3' homology #57 miR 590.dna
266,,,,266,pDONR P2R P3 3' homology #78 miR 590,266,0266-pDONR P2R P3 3' homology #78 miR 590.dna
267,,,,267,pDONR P4 P1R 5' homology #6 miR 590,267,0267-pDONR P4 P1R 5' homology #6 miR 590.dna
268,,0268-pDEST R4R3 TK Dong.dna,yes,268,pDEST R4R3 TK Dong,268,0268-pDEST R4R3 TK Dong.dna
269,,,,269,pTRE2 hygro DsRed2,269,0269-pTRE2 hygro DsRed2.dna
270,,,,270,pDEST FG12 CMV GFP Bcl W HA,270,0270-pDEST FG12 CMV GFP Bcl W HA.dna
271,,,,271,RCAS y DV (A) Bcl W HA,271,0271-RCAS y DV (A) Bcl W HA.dna
272,,,,272,pDEST FG12 CMV DsRed2 Bcl w HA,272,0272-pDEST FG12 CMV DsRed2 Bcl w HA.dna
273,,0273-pDEST FG12 CMV GFP Bcl B HA.gb,yes,273,pDEST FG12 CMV GFP Bcl B HA,273,0273-pDEST FG12 CMV GFP Bcl B HA.gb
274,,0274-pDEST FG12 CMV DsRed2 Bcl B HA.gb,yes,274,pDEST FG12 CMV DsRed2 Bcl B HA,274,0274-pDEST FG12 CMV DsRed2 Bcl B HA.gb
275,,,,275,RCAS y DV (A) CCND1 HA,275,0275-RCAS y DV (A) CCND1 HA.dna
276,,,,276,pDEST FG12 CMV GFP CCND1 HA,276,0276-pDEST FG12 CMV GFP CCND1 HA.dna
277,,,,277,RCAS y DV (A) CCND1 K269R,277,0277-RCAS y DV (A) CCND1 K269R.dna
278,,,,278,pDEST FG12 CMV GFP CCND1 K269R,278,0278-pDEST FG12 CMV GFP CCND1 K269R.dna
279,,,,279,RCAN x DV TRE HA NRas,279,0279-RCAN x DV TRE HA NRas.dna
280,,,,280,RCAS y DV (A) CDK2 HA,280,0280-RCAS y DV (A) CDK2 HA.dna
281,,,,281,RCAS y DV (A) NEDD9 HA,281,0281-RCAS y DV (A) NEDD9 HA.dna
282,,,,282,RCAS y DV (A) ETV1 HA,282,0282-RCAS y DV (A) ETV1 HA.dna
283,,,,283,pCR8 mouse Brca1 clone#2,283,0283-pCR8 mouse Brca1 clone#2.dna
284,,,,284,pCR8 mouse Brca1 clone#6,284,0284-pCR8 mouse Brca1 clone#6.dna
285,,0285-RCAN x DV TRE Kras IRES AKT.gb,yes,285,RCAN x DV TRE Kras IRES AKT,285,0285-RCAN x DV TRE Kras IRES AKT.gb
286,,,,286,pENTR 3C AKT IRES Cre,286,0286-pENTR 3C AKT IRES Cre.dna
287,,,,287,RCAS AKT IRES Cre clone#5,287,0287-RCAS AKT IRES Cre clone#5.dna
288,,,,288,RCAS AKT IRES Cre clone#8,288,0288-RCAS AKT IRES Cre clone#8.dna
289,,,,289,RCAS AKT IRES Cre,289,0289-RCAS AKT IRES Cre.dna
290,,,,290,Fg12 cmv V5Bmf,290,0290-Fg12 cmv V5Bmf.dna
291,,,,291,FG12 cmv TFAP2beta,291,0291-FG12 cmv TFAP2beta.dna
292,,0292-p59.dna,yes,292,p59,292,0292-p59.dna
293,,0293-p60.dna,yes,293,p60,293,0293-p60.dna
294,,0294-p61.dna,yes,294,p61,294,0294-p61.dna
295,,,,295,pDEST FG12 DsRed CMV,295,0295-pDEST FG12 DsRed CMV.dna
296,,,,296,pDEST FG12 CMV DsRed 2 RFA,296,0296-pDEST FG12 CMV DsRed 2 RFA.dna
297,,,,297,pDest FG12 CMV BMF V5,297,0297-pDest FG12 CMV BMF V5.dna
298,,,,298,FG12 CMV-HGF ,298,0298-FG12 CMV-HGF .dna
299,,0299-RCAN X DV.gb,yes,299,RCAN X DV,299,0299-RCAN X DV.gb
300,,,,300,FG12  /   ,300,0300-FG12     .dna
301,,,,301,FG12 CMV V5 MEK GF,301,0301-FG12 CMV V5 MEK GF.dna
302,,,,302,FG12 MMP9  (no GFP) ,302,0302-FG12 MMP9  (no GFP) .dna
303,,,,303,pDEST FG12 CMV TFAP2,303,0303-pDEST FG12 CMV TFAP2.dna
304,,,,304,pDest FG12 MMP9 (no GFP),304,0304-pDest FG12 MMP9 (no GFP).dna
305,,,,305,FG12 Stat3 no GFP,305,0305-FG12 Stat3 no GFP.dna
306,,,,306,pDEST FG12 (cmv promoterless),306,0306-pDEST FG12 (cmv promoterless).dna
307,,,,307,FG12 CMV HA Nras IRES Cre  ,307,0307-FG12 CMV HA Nras IRES Cre  .dna
308,,,,308,FG12 CMV X!AP,308,0308-FG12 CMV X!AP.dna
309,,,,309,pENTR3C Akt IRES CRE,309,0309-pENTR3C Akt IRES CRE.dna
310,,,,310,pSICO p53 ,310,0310-pSICO p53 .dna
311,,0311-FG12-CMV-CRE.dna,yes,311,FG12-CMV-CRE,311,0311-FG12-CMV-CRE.dna
312,,,,312,FG12 CMV VEGF C,312,0312-FG12 CMV VEGF C.dna
313,,,,313,pDEST FG12 CMV V5 XIAP,313,0313-pDEST FG12 CMV V5 XIAP.dna
314,,,,314,FG12 GFP BRAF VE,314,0314-FG12 GFP BRAF VE.dna
315,,,,315,FG12 CMV HIF 2,315,0315-FG12 CMV HIF 2.dna
316,,,,316,FG12 CMV cKIT 818,316,0316-FG12 CMV cKIT 818.dna
317,,,,317,FG12 STAT3C (no GFP),317,0317-FG12 STAT3C (no GFP).dna
318,,,,318,FG12 CMV STAT 3c ,318,0318-FG12 CMV STAT 3c .dna
319,,,,319,FG12 GFP STAT 3C ,319,0319-FG12 GFP STAT 3C .dna
320,,,,320,FG12 Nras(Q61R) IRES CRE ,320,0320-FG12 Nras(Q61R) IRES CRE .dna
321,,,,321,FG12 CMV V5 BRAF V600E HiSA,321,0321-FG12 CMV V5 BRAF V600E HiSA.dna
322,,,,322,FG12 CMV BRAF #26,322,0322-FG12 CMV BRAF #26.dna
323,,,,323,FG12 CMV BRAF #28,323,0323-FG12 CMV BRAF #28.dna
324,,,,324,RCAS Y DV Nras Q61R HA,324,0324-RCAS Y DV Nras Q61R HA.dna
325,,,,325,pcr8/GW/topo mHGF express,325,0325-pcr8GWtopo mHGF express.dna
326,,,,326,"RCAS Y DV Mek1 Δn3 s218e, s222d (MEK-GF)",326,"0326-RCAS Y DV Mek1 Δn3 s218e, s222d (MEK-GF).dna"
327,,,,327,RCASBP(A) BRAF V600E HisA,327,0327-RCASBP(A) BRAF V600E HisA.dna
328,,,,328,pDEST RCAS HA NRAS,328,0328-pDEST RCAS HA NRAS.dna
329,,,,329,pENTR3C cU6 shGFP #1,329,0329-pENTR3C cU6 shGFP #1.dna
330,,,,330,Bfl 1 pYAP6 ,330,0330-Bfl 1 pYAP6 .dna
331,,,,331,RCAS CRAF 22W,331,0331-RCAS CRAF 22W.dna
332,,,,332,RCASBP Y DV A mKIT D818H,332,0332-RCASBP Y DV A mKIT D818H.dna
333,,,,333,RCAS MEK GF V5 (non-functional),333,0333-RCAS MEK GF V5 (non-functional).dna
334,,,,334,pcDNA3.1 BRAF WT ,334,0334-pcDNA3.1 BRAF WT .dna
335,,,,335,pcDNA3.1 BRAF V599E ,335,0335-pcDNA3.1 BRAF V599E .dna
336,,0336-RCAN(A) TRE-EGFRvIII.dna,yes,336,RCAN(A) TRE-EGFRvIII,336,0336-RCAN(A) TRE-EGFRvIII.dna
337,,,,337,pCR8/GW/topo c KIT,337,0337-pCR8GWtopo c KIT.dna
338,,,,338,pENTR 3C H1 BAD 445,338,0338-pENTR 3C H1 BAD 445.dna
339,,,,339,pENTR 3C H1 Bad 433,339,0339-pENTR 3C H1 Bad 433.dna
340,,0340-pENTR 3C  TRE.dna,yes,340,pENTR 3C  TRE,340,0340-pENTR 3C  TRE.dna
341,,0341-pENTR 3C.gb,yes,341,pENTR 3C ,341,0341-pENTR 3C.gb
342,,0342-pENTR 3C 2loxP DsRed FRT GFP.gb,yes,342,pENTR 3C 2loxP DsRed FRT GFP,342,0342-pENTR 3C 2loxP DsRed FRT GFP.gb
343,,,,343,pENTR 3C mU6,343,0343-pENTR 3C mU6.dna
344,,0344-pENTR 3C HA NRAS.dna,yes,344,pENTR 3C HA NRAS,344,0344-pENTR 3C HA NRAS.dna
345,,0345-pcDNA3.1 hygro TVA.dna,yes,345,pcDNA3.1 hygro TVA,345,0345-pcDNA3.1 hygro TVA.dna
346,,0346-pENTR 3C TRE GFP.dna,yes,346,pENTR 3C TRE GFP ,346,0346-pENTR 3C TRE GFP.dna
347,,0347-pENTR 3C CMV GFP.gb,yes,347,pENTR 3C CMV GFP,347,0347-pENTR 3C CMV GFP.gb
348,,,,348,RCASBP Y DV A AKT1mutant HA,348,0348-RCASBP Y DV A AKT1mutant HA.dna
349,,,,349,RCASBP Y DV A MEK GF (No tag functional),349,0349-RCASBP Y DV A MEK GF (No tag functional).dna
350,,,,350,RCAN Y DV A TRE-KRAS ,350,0350-RCAN Y DV A TRE-KRAS .dna
351,,,,351,RCANBP A Y DV ,351,0351-RCANBP A Y DV .dna
352,,,,352,RCANBP M DV,352,0352-RCANBP M DV.dna
353,,,,353,RCANBP (A) TRE GFP c2,353,0353-RCANBP (A) TRE GFP c2.dna
354,,0354-RCASBP (M) Tet Off.dna,yes,354,RCASBP (M) Tet Off,354,0354-RCASBP (M) Tet Off.dna
355,,,,355,pENTR3C TFAP2,355,0355-pENTR3C TFAP2.dna
356,,,,356,pENTR3C NRAS (HA) IRES CRE ,356,0356-pENTR3C NRAS (HA) IRES CRE .dna
357,,,,357,pSport6 mouse c Kit,357,0357-pSport6 mouse c Kit.dna
358,,,,358,pENTR 3C multimir (both have 1 on lid),358,0358-pENTR 3C multimir (both have 1 on lid).dna
359,,,,359,pENTR 3C multimir JD control (3 on lid),359,0359-pENTR 3C multimir JD control (3 on lid).dna
360,,,,360,pENTR 3C multimir JD cntrl JDwn2 J03 (2 on lid),360,0360-pENTR 3C multimir JD cntrl JDwn2 J03 (2 on lid).dna
361,,,,361,pENTR 3C multimir JD cntrl JDwn2 (4 on lid),361,0361-pENTR 3C multimir JD cntrl JDwn2 (4 on lid).dna
362,,,,362,pENTR 3C H1 ENV B 112 (mini#1),362,0362-pENTR 3C H1 ENV B 112 (mini#1).dna
363,,,,363,pENTR 3C H1 ENV B 408(mini#6),363,0363-pENTR 3C H1 ENV B 408(mini#6).dna
364,,,,364,pENTR 3C H1 ENV B 854 (mini#9),364,0364-pENTR 3C H1 ENV B 854 (mini#9).dna
365,,,,365,pENTR 3C H1 1012 (mini#15),365,0365-pENTR 3C H1 1012 (mini#15).dna
366,,,,366,pENTR 3C mU6 Env B 112 (mini#17),366,0366-pENTR 3C mU6 Env B 112 (mini#17).dna
367,,,,367,pENTR 3C mU6 408 (mini#21),367,0367-pENTR 3C mU6 408 (mini#21).dna
368,,,,368,pENTR 3C mU6 Env B 854 (mini#27),368,0368-pENTR 3C mU6 Env B 854 (mini#27).dna
369,,,,369,pENTR 3C mU6 Env B 1012 (mini#29),369,0369-pENTR 3C mU6 Env B 1012 (mini#29).dna
370,,,,370,"pENTR 3C multimir JD1, 2, 3",370,"0370-pENTR 3C multimir JD1, 2, 3.dna"
371,,0371-pENTR 3C m U6 shGFP.dna,yes,371,pENTR 3C m U6 shGFP,371,0371-pENTR 3C m U6 shGFP.dna
372,,,,372,pENTR 3C T34A survivin,372,0372-pENTR 3C T34A survivin.dna
373,,,,373,pENTR 3C C84A survivin,373,0373-pENTR 3C C84A survivin.dna
374,,,,374,pENTR 3C H1 Bim 37,374,0374-pENTR 3C H1 Bim 37.dna
375,,0375-pENTR 3C H1.dna,yes,375,pENTR 3C H1,375,0375-pENTR 3C H1.dna
376,,,,376,pENTR 3C H1 Bad24,376,0376-pENTR 3C H1 Bad24.dna
377,,,,377,pENTR 3C loxP MCS loxP frt neo frt,377,0377-pENTR 3C loxP MCS loxP frt neo frt.dna
378,,,,378,pENTR 3C (no HA) ATX,378,0378-pENTR 3C (no HA) ATX.dna
379,,,,379,pBluescript ATX,379,0379-pBluescript ATX.dna
380,,,,380,Frt2/Neo loxP orientation 4,380,0380-Frt2Neo loxP orientation 4.dna
381,,,,381,FRT2/NEO and loxP c.16 in pBS KS,381,0381-FRT2NEO and loxP c.16 in pBS KS.dna
382,,,,382,RCAS Y DV 2 no tag,382,0382-RCAS Y DV 2 no tag.dna
383,,,,383,RCAS Y DV NHA 3,383,0383-RCAS Y DV NHA 3.dna
384,,,,384,RCAS Y DV CHA 9,384,0384-RCAS Y DV CHA 9.dna
385,,0385-pDONR p2r p3.dna,yes,385,pDONR p2r p3 ,385,0385-pDONR p2r p3.dna
386,,0386-pDONR p4 p1r.dna,yes,386,pDONR p4 p1r,386,0386-pDONR p4 p1r.dna
387,,0387-pDONR 201.gb,yes,387,pDONR 201,387,0387-pDONR 201.gb
388,,0388-pDONR 221.gb,yes,388,pDONR 221,388,0388-pDONR 221.gb
389,,,,389,pBLUESCRIPT SK,389,0389-pBLUESCRIPT SK.dna
390,,0390-pTRE.dna,yes,390,pTRE,390,0390-pTRE.dna
391,,0391-pUC 19.gb,yes,391,pUC 19,391,0391-pUC 19.gb
392,,,,392,pDEST FG12 DsRed CMV KIAA:BRAF,392,0392-pDEST FG12 DsRed CMV KIAABRAF.dna
393,,,,393,pDEST FG12 DsRed CMV KIAA:BRAF,393,0393-pDEST FG12 DsRed CMV KIAABRAF.dna
394,,,,394,pDEST FG12 DsRed CMV KIAA:BRAF,394,0394-pDEST FG12 DsRed CMV KIAABRAF.dna
395,,,,395,RCAS-Y p53 R273L ,395,0395-RCAS-Y p53 R273L .dna
396,,,,396,pDEST FG12 GFP CMV - Bim S69A,396,0396-pDEST FG12 GFP CMV - Bim S69A.dna
397,,,,397,pDEST FG12 dsRED CMV - Bim S69A,397,0397-pDEST FG12 dsRED CMV - Bim S69A.dna
398,,,,398,pDEST FG12 GFP CMV - Bim S59A,398,0398-pDEST FG12 GFP CMV - Bim S59A.dna
399,,,,399,pDEST FG12 dsRED CMV - Bim S59A,399,0399-pDEST FG12 dsRED CMV - Bim S59A.dna
400,,,,400,pDEST FG12 GFP CMV - Bmf S74A,400,0400-pDEST FG12 GFP CMV - Bmf S74A.dna
401,,,,401,pDEST FG12 dsRED CMV - Bmf S74A,401,0401-pDEST FG12 dsRED CMV - Bmf S74A.dna
402,,,,402,pCR8-Bim S69A,402,0402-pCR8-Bim S69A.dna
403,,,,403,pCR8-Bim S59A,403,0403-pCR8-Bim S59A.dna
404,,,,404,pCR8-Bmf S74A,404,0404-pCR8-Bmf S74A.dna
405,,,,405,pCR8-Bim S69A S59A,405,0405-pCR8-Bim S69A S59A.dna
406,,,,406,pCR8-Bim K112A,406,0406-pCR8-Bim K112A.dna
407,,,,407,pCR8-Bmf L73A,407,0407-pCR8-Bmf L73A.dna
408,,,,408,pCR8-Bmf K68A,408,0408-pCR8-Bmf K68A.dna
409,,,,409,pCR8-Bmf T72A,409,0409-pCR8-Bmf T72A.dna
410,,,,410,RCAS cKit L576P  wrong ori,410,0410-RCAS cKit L576P  wrong ori.dna
411,,0411-pDEST FG12 CMV GFP.gb,yes,411,pDEST FG12 CMV GFP ,411,0411-pDEST FG12 CMV GFP.gb
412,,0412-pAddEsay.dna,yes,412,pAddEsay,412,0412-pAddEsay.dna
413,,0413-pShuttle-CMV-IRES-eGFP.gb,yes,413,pShuttle-CMV-IRES-eGFP,413,0413-pShuttle-CMV-IRES-eGFP.gb
414,,,,414,pDest-Shuttle-(GW  B),414,0414-pDest-Shuttle-(GW  B).dna
415,,,,415,pDest-Shuttle-CMV-(GW B),415,0415-pDest-Shuttle-CMV-(GW B).dna
416,,0416-pShuttle-CMV.gb,yes,416,pShuttle-CMV,416,0416-pShuttle-CMV.gb
417,,0417-pShuttle.dna,yes,417,pShuttle,417,0417-pShuttle.dna
418,,,,418,pTet Off (From MVB),418,0418-pTet Off (From MVB).dna
419,,,,419,RCAS BP(A) STAT 3c,419,0419-RCAS BP(A) STAT 3c.dna
420,,0420-pENTR MMP9.dna,yes,420,pENTR MMP9,420,0420-pENTR MMP9.dna
421,,,,421,RCASBP(A) EGFRviii,421,0421-RCASBP(A) EGFRviii.dna
422,,,,422,RCANBP(A) TRE-(hu)KRAS-HA,422,0422-RCANBP(A) TRE-(hu)KRAS-HA.dna
423,,,,423,RCAS c-RAF,423,0423-RCAS c-RAF.dna
424,,,,424,pIREShygro-pcB6 WTA VCT,424,0424-pIREShygro-pcB6 WTA VCT.dna
425,,,,425,FG12 CMV dsRed V5 Bmf T72A,425,0425-FG12 CMV dsRed V5 Bmf T72A.dna
426,,,,426,FG12 CMV dsRed V5 Bmf K68A,426,0426-FG12 CMV dsRed V5 Bmf K68A.dna
427,,,,427,mHGF (open biosystems cDNA clone)8733977,427,0427-mHGF (open biosystems cDNA clone)8733977.dna
428,,,,428,pcB6 WTA delta513,428,0428-pcB6 WTA delta513.dna
429,,,,429,FG12 CMV GFP V5 Bmf K68A,429,0429-FG12 CMV GFP V5 Bmf K68A.dna
430,,,,430,pcDNA3.1 mouse sox 10,430,0430-pcDNA3.1 mouse sox 10.dna
431,,,,431,pcDNA6 mouse sox 10 - V5,431,0431-pcDNA6 mouse sox 10 - V5.dna
432,,,,432,pcDNA6 chick sox 11,432,0432-pcDNA6 chick sox 11.dna
433,,,,433,pDest-Shuttle (GW) CMV IRES GFP ,433,0433-pDest-Shuttle (GW) CMV IRES GFP .dna
434,,,,434,pLNcx mouse Wnt7b HA,434,0434-pLNcx mouse Wnt7b HA.dna
435,,,,435,pcDNA3.1 Beta Catenin S37A mouse,435,0435-pcDNA3.1 Beta Catenin S37A mouse.dna
436,,,,436,pDest R4R3 TK Dong miR5901 #11,436,0436-pDest R4R3 TK Dong miR5901 #11.dna
437,,,,437,pDest R4R3 TK Dong miR5901 #16,437,0437-pDest R4R3 TK Dong miR5901 #16.dna
438,,,,438,pDest R4R3 TK Dong miR5901 #4,438,0438-pDest R4R3 TK Dong miR5901 #4.dna
439,,,,439,pTRE2 hygro DsRed2,439,0439-pTRE2 hygro DsRed2.dna
440,,,,440,pDEST FG12 CMV DsRed2 cKit,440,0440-pDEST FG12 CMV DsRed2 cKit.dna
441,,,,441,pDEST FG12 NRasQ61R HA,441,0441-pDEST FG12 NRasQ61R HA.dna
442,,,,442,KH-1LV,442,0442-KH-1LV.dna
443,,,,443,pDEST FG12 CMV cMET Flag,443,0443-pDEST FG12 CMV cMET Flag.dna
444,,,,444,pDEST FG12 cMet Flag,444,0444-pDEST FG12 cMet Flag.dna
445,,,,445,pDEST FG12 CMV mHGFx DsRed2,445,0445-pDEST FG12 CMV mHGFx DsRed2.dna
446,,,,446,pDEST FG12 CMV GFP TFAP2B,446,0446-pDEST FG12 CMV GFP TFAP2B.dna
447,,,,447,RCAS NHA mouse Sox 10,447,0447-RCAS NHA mouse Sox 10.dna
448,,,,448,FG12 CMV V5 Bmf L73A dsRed,448,0448-FG12 CMV V5 Bmf L73A dsRed.dna
449,,,,449,FG12 CMV V5 Bmf L73A gfp,449,0449-FG12 CMV V5 Bmf L73A gfp.dna
450,,,,450,KH-1 LV Ral B07 #18,450,0450-KH-1 LV Ral B07 #18.dna
451,,,,451,KH-1LV Ral B05 #17,451,0451-KH-1LV Ral B05 #17.dna
452,,,,452,KH-1 LV Ral B08 #20,452,0452-KH-1 LV Ral B08 #20.dna
453,,,,453,KH-1 LV RalA05 #7,453,0453-KH-1 LV RalA05 #7.dna
454,,,,454,KH-1LV Ral A06 #8,454,0454-KH-1LV Ral A06 #8.dna
455,,,,455,pcr8/GW/TOPO Mek2,455,0455-pcr8GWTOPO Mek2.dna
456,,,,456,RCASBP(A)- p53 EF1a-ds-Red mp53 WT-flag,456,0456-RCASBP(A)- p53 EF1a-ds-Red mp53 WT-flag.dna
457,,,,457,RCASBP(A)- p53-IRES puro mp53 WT-flag,457,0457-RCASBP(A)- p53-IRES puro mp53 WT-flag.dna
458,,,,458,RCASBP(A)- p53 EF1a-ds-Red mp53-mtR172H-flag,458,0458-RCASBP(A)- p53 EF1a-ds-Red mp53-mtR172H-flag.dna
459,,,,459,RCASBP(A)- p53-IRES puro mp53-mtR172H-flag,459,0459-RCASBP(A)- p53-IRES puro mp53-mtR172H-flag.dna
460,,,,460,RCASBP(A)- p53 EF1a-ds-Red mp53-mtR273L-flag,460,0460-RCASBP(A)- p53 EF1a-ds-Red mp53-mtR273L-flag.dna
461,,,,461,RCASBP(A)- p53-IRES puro mp53-mtR273L-flag,461,0461-RCASBP(A)- p53-IRES puro mp53-mtR273L-flag.dna
462,,,,462,RCASBP(A)- p53 EF1a-ds-Red mp53-mtP151L-flag,462,0462-RCASBP(A)- p53 EF1a-ds-Red mp53-mtP151L-flag.dna
463,,,,463,RCASBP(A)- p53-IRES puro mp53-mtP151L-flag,463,0463-RCASBP(A)- p53-IRES puro mp53-mtP151L-flag.dna
464,,,,464,RCASBP(A)- p53 EF1a-ds-Red mp53-mtV203E-flag,464,0464-RCASBP(A)- p53 EF1a-ds-Red mp53-mtV203E-flag.dna
465,,,,465,RCASBP(A)- p53-IRES puro mp53-mtV203E-flag,465,0465-RCASBP(A)- p53-IRES puro mp53-mtV203E-flag.dna
466,,,,466,RCASBP(A)- p53 EF1a-ds-Red mp53-mtY220C-flag,466,0466-RCASBP(A)- p53 EF1a-ds-Red mp53-mtY220C-flag.dna
467,,,,467,RCASBP(A)- p53-IRES puro mp53-mtY220C-flag,467,0467-RCASBP(A)- p53-IRES puro mp53-mtY220C-flag.dna
468,,,,468,RCASBP(A)- p53 EF1a-ds-Red mp53-mtL212F-flag,468,0468-RCASBP(A)- p53 EF1a-ds-Red mp53-mtL212F-flag.dna
469,,,,469,RCASBP(A)- p53-IRES puro mp53-mtL212F-flag,469,0469-RCASBP(A)- p53-IRES puro mp53-mtL212F-flag.dna
470,,,,470,RCASBP(A)- p53 EF1a-ds-Red mp53-mtV272A-flag,470,0470-RCASBP(A)- p53 EF1a-ds-Red mp53-mtV272A-flag.dna
471,,,,471,RCASBP(A)- p53-IRES puro mp53-mtV272A-flag,471,0471-RCASBP(A)- p53-IRES puro mp53-mtV272A-flag.dna
472,,,,472,RCASBP(A)- p53 EF1a-ds-Red mp53-mtP250S-flag,472,0472-RCASBP(A)- p53 EF1a-ds-Red mp53-mtP250S-flag.dna
473,,,,473,RCASBP(A)- p53-IRES puro mp53-mtP250S-flag,473,0473-RCASBP(A)- p53-IRES puro mp53-mtP250S-flag.dna
474,,,,474,RCASBP(A)- p53 EF1a-ds-Red mp53-mtL35F-flag,474,0474-RCASBP(A)- p53 EF1a-ds-Red mp53-mtL35F-flag.dna
475,,,,475,RCASBP(A)- p53-IRES puro mp53-mtL35F-flag,475,0475-RCASBP(A)- p53-IRES puro mp53-mtL35F-flag.dna
476,,,,476,RCASBP(A)- p53 EF1a-ds-Red mp53-mtM237R-flag,476,0476-RCASBP(A)- p53 EF1a-ds-Red mp53-mtM237R-flag.dna
477,,,,477,RCASBP(A)- p53-IRES puro mp53-mtM237R-flag,477,0477-RCASBP(A)- p53-IRES puro mp53-mtM237R-flag.dna
478,,,,478,RCASBP(A)- p53 EF1a-ds-Red mp53-mtK291N-flag,478,0478-RCASBP(A)- p53 EF1a-ds-Red mp53-mtK291N-flag.dna
479,,,,479,RCASBP(A)- p53-IRES puro mp53-mtK291N-flag,479,0479-RCASBP(A)- p53-IRES puro mp53-mtK291N-flag.dna
480,,,,480,FG12 CMV GFP HA-KIAA1549:BRAF clone#A,480,0480-FG12 CMV GFP HA-KIAA1549BRAF clone#A.dna
481,,,,481,FG12 CMV GFP HA-KIAA1549:BRAF clone#B,481,0481-FG12 CMV GFP HA-KIAA1549BRAF clone#B.dna
482,,,,482,FG12 CMV GFP HA-BRAF KD clone#3,482,0482-FG12 CMV GFP HA-BRAF KD clone#3.dna
483,,,,483,pDEST FG12-cmv from clone5 original 10/1/10,483,0483-pDEST FG12-cmv from clone5 original 10110.dna
484,,,,484,RCASBP(A) BRAF KD,484,0484-RCASBP(A) BRAF KD.dna
485,,,,485,pCR8 KIAA:BRAF Kex16  10/13/10,485,0485-pCR8 KIAABRAF Kex16  101310.dna
486,,,,486,RCAN TRE-NRAS(Q61R)-IRES-Cre  11/13/13,486,0486-RCAN TRE-NRAS(Q61R)-IRES-Cre  111313.dna
487,,,,487,FG12 GFP C-KIT WT,487,0487-FG12 GFP C-KIT WT.dna
488,,,,488,RCAS MEK 5/28/09,488,0488-RCAS MEK 52809.dna
489,,,,489,pCR8 CRE,489,0489-pCR8 CRE.dna
490,,0490-pDest 12-2 CRE.dna,yes,490,pDest 12-2 CRE,490,0490-pDest 12-2 CRE.dna
491,,,,491,RCAS FAM BRAF V600E,491,0491-RCAS FAM BRAF V600E.dna
492,,,,492,RCAS HA VD V5 V600E,492,0492-RCAS HA VD V5 V600E.dna
493,,,,493,RCAS BRAF KD HA V600E,493,0493-RCAS BRAF KD HA V600E.dna
494,,,,494,RCAS BRAF V5 V600E,494,0494-RCAS BRAF V5 V600E.dna
495,,,,495,RCASBP (A) WT IDH2-HA (human),495,0495-RCASBP (A) WT IDH2-HA (human).dna
496,,,,496,PCR8 IDH1 WT HA?,496,0496-PCR8 IDH1 WT HA.dna
497,,,,497,PCR8 IDH1 mutant HA,497,0497-PCR8 IDH1 mutant HA.dna
498,,,,498,pDest FG12 AKT ,498,0498-pDest FG12 AKT .dna
499,,,,499,a:  RCAS BP(A) IDH1 R132H;  b:  RCAS BP(A)?,499,0499-a  RCAS BP(A) IDH1 R132H;  b  RCAS BP(A).dna
500,,,,500,RCAS IDH-1 wt HA tag,500,0500-RCAS IDH-1 wt HA tag.dna
501,,,,501,pDest 12-2 CRE,501,0501-pDest 12-2 CRE.dna
502,,,,502,pShuttle IDH-1Mutant GFP,502,0502-pShuttle IDH-1Mutant GFP.dna
503,,,,503,RCASBP (A) IDH1 R132H HA (human),503,0503-RCASBP (A) IDH1 R132H HA (human).dna
504,,,,504,RCASBP (A) IDH2 Mutant-HA,504,0504-RCASBP (A) IDH2 Mutant-HA.dna
505,,,,505,pEFM- EGFP- V5,505,0505-pEFM- EGFP- V5.dna
506,,,,506,RCAN TRE BRAF V600E V5 HIS,506,0506-RCAN TRE BRAF V600E V5 HIS.dna
507,,,,507,RCAN TRE BRAF V600E MYC HIS TAG,507,0507-RCAN TRE BRAF V600E MYC HIS TAG.dna
508,,,,508,pDEST12-2 KIAA STOP ,508,0508-pDEST12-2 KIAA STOP .dna
509,,,,509,FG12 KIAA STOP,509,0509-FG12 KIAA STOP.dna
510,,,,510,RCASBP(A)-Fam 131B BRAF w/t,510,0510-RCASBP(A)-Fam 131B BRAF wt.dna
511,,,,511,RCAS BPA IDH2 HA R172K,511,0511-RCAS BPA IDH2 HA R172K.dna
512,,,,512,FG12 dsRED dsRED CKIT HA,512,0512-FG12 dsRED dsRED CKIT HA.dna
513,,0513-PENTR 3C-TRE-KRAS MINI.dna,yes,513,PENTR 3C-TRE-KRAS MINI,513,0513-PENTR 3C-TRE-KRAS MINI.dna
514,,0514-RCAS y DV(A) MMP9.dna,,514,RCAS y DV(A) MMP9,514,0514-RCAS y DV(A) MMP9.dna
515,,,,515,RCAS BPA KRAS-HA (HUMAN) ,515,0515-RCAS BPA KRAS-HA (HUMAN) .dna
516,,,,516,RCAN BPA TRE KRAS HA (HUMAN),516,0516-RCAN BPA TRE KRAS HA (HUMAN).dna
517,,,,517,FG12 DSRED MHGFX,517,0517-FG12 DSRED MHGFX.dna
518,,,,518,FG12 CKIT (GFP),518,0518-FG12 CKIT (GFP).dna
519,,,,519,RCAS y DV(A) NRAS(Q61R) (HA) IRES CRE,519,0519-RCAS y DV(A) NRAS(Q61R) (HA) IRES CRE.dna
520,,,,520,PDEST FG12 CMV,520,0520-PDEST FG12 CMV.dna
521,,,,521,FG12 NO GFP+CMV,521,0521-FG12 NO GFP+CMV.dna
522,,,,522,PDEST FG12 NO PROMOTER/ NO GFP ,522,0522-PDEST FG12 NO PROMOTER NO GFP .dna
523,,,,523,PDEST FG12- NO PROMOTER -DSRED,523,0523-PDEST FG12- NO PROMOTER -DSRED.dna
524,,,,524,pDEST FG12AKT1,524,0524-pDEST FG12AKT1.dna
525,,,,525,RCAN Y DV (A) TRE KRAS,525,0525-RCAN Y DV (A) TRE KRAS.dna
526,,,,526,RCAS BP Y DV (A) AKT1 M-HA,526,0526-RCAS BP Y DV (A) AKT1 M-HA.dna
527,,,,527,RCAS BP Y DV (A) ,527,0527-RCAS BP Y DV (A) .dna
528,,,,528,RCAS TYROSINASE,528,0528-RCAS TYROSINASE.dna
529,,,,529,Pdest FG12 Mbrca 1 ,529,0529-Pdest FG12 Mbrca 1 .dna
530,,,,530,RCAS Y BP DV (A) LXCL12,530,0530-RCAS Y BP DV (A) LXCL12.dna
531,,,,531,RCAS BP Y DV (A) CCL7,531,0531-RCAS BP Y DV (A) CCL7.dna
532,,,,532,Pdest fg12 ccl7,532,0532-Pdest fg12 ccl7.dna
533,,,,533,pDest FG12 CXCL12,533,0533-pDest FG12 CXCL12.dna
534,,,,534,hBRCA1 clone 2,534,0534-hBRCA1 clone 2.dna
535,,,,535,hBRCA1 HA clone 4,535,0535-hBRCA1 HA clone 4.dna
536,,,,536,FG12 dsRED V5MMP1a,536,0536-FG12 dsRED V5MMP1a.dna
537,,,,537,FG12 dsRED V5MMP10,537,0537-FG12 dsRED V5MMP10.dna
538,,,,538,FG12 dsRED V5MMP15,538,0538-FG12 dsRED V5MMP15.dna
539,,,,539,RCAS y DV(A) V5MMP1a,539,0539-RCAS y DV(A) V5MMP1a.dna
540,,,,540,RCAS y DV(A) V5MMP15,540,0540-RCAS y DV(A) V5MMP15.dna
541,,,,541,RCAS y DV(A) myc-hIRE1α WT,541,0541-RCAS y DV(A) myc-hIRE1α WT.dna
542,,,,542,RCAS y DV(A) myc-hIRE1α P830L,542,0542-RCAS y DV(A) myc-hIRE1α P830L.dna
543,,,,543,RCAS y DV(A) myc-hIRE1α Q780*,543,0543-RCAS y DV(A) myc-hIRE1α Q780.dna
544,,,,544,RCAS y DV(A) myc-hIRE1α S769F,544,0544-RCAS y DV(A) myc-hIRE1α S769F.dna
545,,,,545,PDEST CMV FG12 FAM BRAF 1316 312 VE,545,0545-PDEST CMV FG12 FAM BRAF 1316 312 VE.dna
546,,,,546,PDEST CMV FG12 FAM BRAF 1316 WT,546,0546-PDEST CMV FG12 FAM BRAF 1316 WT.dna
547,,,,547,RCAS Y DVA NRAS Q61R HA,547,0547-RCAS Y DVA NRAS Q61R HA.dna
548,,,,548,HIF1 PCDUS 3.1,548,0548-HIF1 PCDUS 3.1.dna
549,,,,549,RCAS BP (A) WT IDH2 - DOES NOT EXPRESS,549,0549-RCAS BP (A) WT IDH2 - DOES NOT EXPRESS.dna
550,,,,550,RCAS BP A IDH1 WT  HA (human),550,0550-RCAS BP A IDH1 WT  HA (human).dna
551,,,,551,pCR8/GW/TOPO hIREα wt ,551,0551-pCR8GWTOPO hIREα wt .dna
552,,,,552,pCR8/GW/TOPO hIREα S769F ,552,0552-pCR8GWTOPO hIREα S769F .dna
553,,,,553,pCR8/GW/TOPO hIREα Q780,553,0553-pCR8GWTOPO hIREα Q780.dna
554,,,,554,pCR8/GW/TOPO hIREα P830L,554,0554-pCR8GWTOPO hIREα P830L.dna
555,,,,555,RCASBP(A) hIREα Q780,555,0555-RCASBP(A) hIREα Q780.dna
556,,,,556,RCASBP(A) hIREα P830L,556,0556-RCASBP(A) hIREα P830L.dna
557,,,,557,FG12 cmv ds red bmfHA,557,0557-FG12 cmv ds red bmfHA.dna
558,,,,558,pCR8/GW/TOPO hIREα R635W,558,0558-pCR8GWTOPO hIREα R635W.dna
559,,,,559,RCASBP(A) v5MMP10 ,559,0559-RCASBP(A) v5MMP10 .dna
560,,,,560,pCR blunt II topo MMP1a  cdna,560,0560-pCR blunt II topo MMP1a  cdna.dna
561,,,,561,pCR blunt II topo MMP10 cdna,561,0561-pCR blunt II topo MMP10 cdna.dna
562,,,,562,PCMV sport 6 MMP15,562,0562-PCMV sport 6 MMP15.dna
563,,,,563,PCR8 BRCA1 T1691A,563,0563-PCR8 BRCA1 T1691A.dna
564,,,,564,FG12 BRCA1 T1691A no gfp,564,0564-FG12 BRCA1 T1691A no gfp.dna
565,,,,565,RCASBP(A) mBRAF v5 his,565,0565-RCASBP(A) mBRAF v5 his.dna
566,,,,566,FG12  mBRAF his no GFP,566,0566-FG12  mBRAF his no GFP.dna
567,,,,567,FG12 hIRE1a WT NO GFP,567,0567-FG12 hIRE1a WT NO GFP.dna
568,,,,568,FG12 NO GFP hIRE1a Q780,568,0568-FG12 NO GFP hIRE1a Q780.dna
569,,,,569,FG12 NO GFP hIRE1a P830L,569,0569-FG12 NO GFP hIRE1a P830L.dna
570,,,,570,FG12 NO GFP hIRE1a  S769F,570,0570-FG12 NO GFP hIRE1a  S769F.dna
571,,,,571,RCANBP(A) H1-IDH1 ShRNA 1,571,0571-RCANBP(A) H1-IDH1 ShRNA 1.dna
572,,,,572,RCANBP(A) H1-IDH1 ShRNA 2,572,0572-RCANBP(A) H1-IDH1 ShRNA 2.dna
573,,,,573,RCANBP(A) H1-IDH1 ShRNA 3,573,0573-RCANBP(A) H1-IDH1 ShRNA 3.dna
574,,,,574,RCANBP(A) H1-IDH1 ShRNA 4,574,0574-RCANBP(A) H1-IDH1 ShRNA 4.dna
575,,,,575,RCANBP(A) H1-HGDH-L2 ShRNA 1,575,0575-RCANBP(A) H1-HGDH-L2 ShRNA 1.dna
576,,,,576,RCANBP(A) H1-HGDH-L2 ShRNA 2,576,0576-RCANBP(A) H1-HGDH-L2 ShRNA 2.dna
577,,,,577,RCANBP(A) H1-HGDH-L2 ShRNA 3,577,0577-RCANBP(A) H1-HGDH-L2 ShRNA 3.dna
578,,,,578,RCANBP(A) H1-HGDH-D2 ShRNA 1,578,0578-RCANBP(A) H1-HGDH-D2 ShRNA 1.dna
579,,,,579,RCANBP(A) H1-HGDH-D2 ShRNA 2,579,0579-RCANBP(A) H1-HGDH-D2 ShRNA 2.dna
580,,,,580,RCANBP(A) H1-HGDH-D2 ShRNA 3,580,0580-RCANBP(A) H1-HGDH-D2 ShRNA 3.dna
581,,,,581,RCANBP(A) shRNA IDH1 type1 JR,581,0581-RCANBP(A) shRNA IDH1 type1 JR.dna
582,,,,582,RCANBP(A) shRNA IDH1 type2 JR,582,0582-RCANBP(A) shRNA IDH1 type2 JR.dna
583,,,,583,RCANBP(A) shRNA IDH1 type3 JR,583,0583-RCANBP(A) shRNA IDH1 type3 JR.dna
584,,,,584,PENTR H1 shRNA IDH1 type1 JR,584,0584-PENTR H1 shRNA IDH1 type1 JR.dna
585,,,,585,PENTR H1 shRNA IDH1 type2 JR,585,0585-PENTR H1 shRNA IDH1 type2 JR.dna
586,,,,586,FG12 mBRAF GFP,586,0586-FG12 mBRAF GFP.dna
587,,,,587,FG12 mBRCA GFP,587,0587-FG12 mBRCA GFP.dna
588,,,,588,RCASBP(A) hIRE1α S769F,588,0588-RCASBP(A) hIRE1α S769F.dna
589,,,,589,RCASBP(A) hIRE1α wt,589,0589-RCASBP(A) hIRE1α wt.dna
590,,,,590,RCASBP(A) hIRE1α R635W,590,0590-RCASBP(A) hIRE1α R635W.dna
591,,,,591,RCASBP (A) TET OFF IRES CRE,591,0591-RCASBP (A) TET OFF IRES CRE.dna
592,,,,592,RCASBP (A) P16 (mutant x3) expresses well,592,0592-RCASBP (A) P16 (mutant x3) expresses well.dna
593,,,,593,RCAN TRE-BRAF v600e-V5 only new ,593,0593-RCAN TRE-BRAF v600e-V5 only new .dna
594,,,,594,RCASBP(A) myr-AKT-HA del11-60  jr,594,0594-RCASBP(A) myr-AKT-HA del11-60  jr.dna
595,,,,595,Ori pENTR TRE-BRAF- V600E MYC HIS ,595,0595-Ori pENTR TRE-BRAF- V600E MYC HIS .dna
596,,,,596,FG12 cmv IDH1-HA R132H gfp,596,0596-FG12 cmv IDH1-HA R132H gfp.dna
597,,,,597,FG12 cmv IDH1-HA wt rfp,597,0597-FG12 cmv IDH1-HA wt rfp.dna
598,,,,598,FG12 cmv IDH1 wt NO TAG ,598,0598-FG12 cmv IDH1 wt NO TAG .dna
599,,,,599,pcr8 IDH1 R132H no tag\,599,0599-pcr8 IDH1 R132H no tag.dna
600,,,,600,RCASBP(A) IDH1 R132H HA (Human),600,0600-RCASBP(A) IDH1 R132H HA (Human).dna
601,,0601-RCASBP(A) P16-WT-IRES_CRE.dna,yes,601,RCASBP(A) P16-WT-IRES_CRE,601,0601-RCASBP(A) P16-WT-IRES_CRE.dna
602,,0602-RCASBP(A) FLAG-P16-WT-IRES_CRE.dna,yes,602,RCASBP(A) FLAG-P16-WT-IRES_CRE,602,0602-RCASBP(A) FLAG-P16-WT-IRES_CRE.dna
603,,0603-PCR8 IDH1wt HA.dna,yes,603,PCR8 IDH1wt HA,603,0603-PCR8 IDH1wt HA.dna
604,,,,604,RCANBP(A) CMV/TO DV ,604,0604-RCANBP(A) CMVTO DV .dna
605,,,,605,pENTR3C-P16-WT-IRES_CRE,605,0605-pENTR3C-P16-WT-IRES_CRE.dna
606,,,,606,pENTR3C-Flag-P16-WT-IRES_CRE,606,0606-pENTR3C-Flag-P16-WT-IRES_CRE.dna
607,,0607-pENTR201-H1-shGAPDH.dna,yes,607,pENTR201-H1-shGAPDH,607,0607-pENTR201-H1-shGAPDH.dna
608,,,,608,RCANBP(A)H1-shGAPDH,608,0608-RCANBP(A)H1-shGAPDH.dna
609,,,,609,RCANBP(A)TRE-HA-BRAF KD V600E,609,0609-RCANBP(A)TRE-HA-BRAF KD V600E.dna
610,,,,610,RCANBP(A)TRE-HA-BRAF KD WT,610,0610-RCANBP(A)TRE-HA-BRAF KD WT.dna
611,,,,611,pENTR 3C-NRAS(HA)Q61R IRES GFP,611,0611-pENTR 3C-NRAS(HA)Q61R IRES GFP.dna
612,,,,612,,612,0612-.dna
613,,0613-pTRIPZ-RFA-DV.dna,yes,613,pTRIPZ-RFA-DV,613,0613-pTRIPZ-RFA-DV.dna
614,,,,614,pENTR3C-FLAG-p16wt-IRES-GFP,614,0614-pENTR3C-FLAG-p16wt-IRES-GFP.dna
615,,,,615,pTRIPZ-FLAG-p16wt-IRES-GFP,615,0615-pTRIPZ-FLAG-p16wt-IRES-GFP.dna
616,,,,616,pCR8-Cre-RFA (forward orientation),616,0616-pCR8-Cre-RFA (forward orientation).dna
617,,,,617,pCR8-Cre-RFB (forward orientation),617,0617-pCR8-Cre-RFB (forward orientation).dna
618,,,,618,pCR8-Cre-RFC.1 (forward orientation),618,0618-pCR8-Cre-RFC.1 (forward orientation).dna
619,,,,619,pCR8-Cre-RFC.1 (reverse orientation),619,0619-pCR8-Cre-RFC.1 (reverse orientation).dna
620,,,,620,RCAS-Cre-RFA (forward orientation),620,0620-RCAS-Cre-RFA (forward orientation).dna
621,,,,621,RCAS-Cre-RFB (forward orientation),621,0621-RCAS-Cre-RFB (forward orientation).dna
622,,,,622,RCAS-Cre-RFC.1 (forward orientation),622,0622-RCAS-Cre-RFC.1 (forward orientation).dna
623,,,,623,pENTR3C-H1-shCtrl,623,0623-pENTR3C-H1-shCtrl.dna
624,,,,624,pENTR3C-H1-Arf6-496,624,0624-pENTR3C-H1-Arf6-496.dna
625,,,,625,RCASBP(A) HS.AKT1 _FLAG ,625,0625-RCASBP(A) HS.AKT1 _FLAG .dna
626,,,,626,RCASBP(A) HS.myr-AKT1 _FLAG ,626,0626-RCASBP(A) HS.myr-AKT1 _FLAG .dna
627,,,,627,RCASBP(A) HS.AKT2 _FLAG ,627,0627-RCASBP(A) HS.AKT2 _FLAG .dna
628,,,,628,RCASBP(A) HS.myr-AKT2 _FLAG ,628,0628-RCASBP(A) HS.myr-AKT2 _FLAG .dna
629,,,,629,RCASBP(A) HS.AKT3 _FLAG ,629,0629-RCASBP(A) HS.AKT3 _FLAG .dna
630,,,,630,RCASBP(A) HS.myr-AKT3 _FLAG ,630,0630-RCASBP(A) HS.myr-AKT3 _FLAG .dna
631,,,,631,Pdest 12.2 CMV-loxp RFP-STOP-loxp GFP,631,0631-Pdest 12.2 CMV-loxp RFP-STOP-loxp GFP.dna
632,,,,632,RCAN-X-TzTRE-(DV) (ENV A),632,0632-RCAN-X-TzTRE-(DV) (ENV A).dna
633,,,,633,RCAN-X pTRIPZ-TRE-eGFP,633,0633-RCAN-X pTRIPZ-TRE-eGFP.dna
634,,,,634,pENTR 201 Ms BRAF VE V5,634,0634-pENTR 201 Ms BRAF VE V5.dna
635,,,,635,RCAN-X TzMsBRAF VE V5 ,635,0635-RCAN-X TzMsBRAF VE V5 .dna
636,,,,636,RCAN-Z TzTRE HsBRAF V600E Myc HIS6 V5,636,0636-RCAN-Z TzTRE HsBRAF V600E Myc HIS6 V5.dna
637,,,,637,RCAS BP (M) RFC.1  Clone #2,637,0637-RCAS BP (M) RFC.1  Clone #2.dna
638,,,,638,pENTRY-H2BRFP_p2a_Mitf,638,0638-pENTRY-H2BRFP_p2a_Mitf.dna
639,,,,639,RCANBP(A)xTRE2(DV),639,0639-RCANBP(A)xTRE2(DV).dna
640,,0640-RCANBP(A)xTRE2 GFP.dna,yes,640,RCANBP(A)xTRE2 GFP,640,0640-RCANBP(A)xTRE2 GFP.dna
641,,,,641,RCANBP(A)xTRE2 Flag-P16 IRES CRE,641,0641-RCANBP(A)xTRE2 Flag-P16 IRES CRE.dna
642,,,,642,RCANBP(A)xTRE2 Flag-P16 IRES GFP,642,0642-RCANBP(A)xTRE2 Flag-P16 IRES GFP.dna
643,,,,643,,643,0643-.dna
644,,,,644,RCASBP (M) WT IDH1-HA (Human),644,0644-RCASBP (M) WT IDH1-HA (Human).dna
645,,,,645,pCR8 WT IDH2-HA (Human),645,0645-pCR8 WT IDH2-HA (Human).dna
646,,,,646,RCASBP (A) IDH1 R132H-HA (Mouse),646,0646-RCASBP (A) IDH1 R132H-HA (Mouse).dna
647,,,,647,RCASBP (A) WT IDH1-HA (Mouse),647,0647-RCASBP (A) WT IDH1-HA (Mouse).dna
648,,,,648,RCAS BP (M) IDH1 R132H-HA (Human),648,0648-RCAS BP (M) IDH1 R132H-HA (Human).dna
649,,,,649,RCASBP (A) WT IDH2 (Human) No Tag,649,0649-RCASBP (A) WT IDH2 (Human) No Tag.dna
650,,,,650,RCASBP (M) Cre ,650,0650-RCASBP (M) Cre .dna
651,,,,651,pDONR 201 IDH2 R172K-HA (Human),651,0651-pDONR 201 IDH2 R172K-HA (Human).dna
652,,0652-RCANBP(A)xTRE2 msBRAF-VE.dna,yes,652,RCANBP(A)xTRE2 msBRAF-VE,652,0652-RCANBP(A)xTRE2 msBRAF-VE.dna
653,,,,653,pLENTI6 Blockit M2 (shRNA against Met),653,0653-pLENTI6 Blockit M2 (shRNA against Met).dna
654,,,,654,pLENTI6 Blockit Luc (shRNA against Luciferase),654,0654-pLENTI6 Blockit Luc (shRNA against Luciferase).dna
655,,,,655,RCANBP(A)xTRE2 WT IDH1-HA (human),655,0655-RCANBP(A)xTRE2 WT IDH1-HA (human).dna
656,,,,656,RCANBP(A)xTRE2 IDH1 R132H-HA (human),656,0656-RCANBP(A)xTRE2 IDH1 R132H-HA (human).dna
657,,,,657,FG12 CMV WT IDH2-HA (human) RFP ,657,0657-FG12 CMV WT IDH2-HA (human) RFP .dna
658,,,,658,FG12 CMV IDH2 R172K-HA (human) GFP ,658,0658-FG12 CMV IDH2 R172K-HA (human) GFP .dna
659,,,,659,FG12-TRE-BRAF-V600E (no GFP),659,0659-FG12-TRE-BRAF-V600E (no GFP).dna
660,,0660-RCASBP(A)myrAKT3-P2a-CRE.dna,yes,660,RCASBP(A)myrAKT3-P2a-CRE,660,0660-RCASBP(A)myrAKT3-P2a-CRE.dna
661,,,,661,pTRIPZ shRNA ATRX V3THS_375690,661,0661-pTRIPZ shRNA ATRX V3THS_375690.dna
662,,,,662,pTRIPZ shRNA ATRX V3THS_201895,662,0662-pTRIPZ shRNA ATRX V3THS_201895.dna
663,,,,663,pDEST 12.2 WT IDH1-ProTEV-VN173,663,0663-pDEST 12.2 WT IDH1-ProTEV-VN173.dna
664,,,,664,pDEST 12.2 WT IDH1-ProTEV-VC155,664,0664-pDEST 12.2 WT IDH1-ProTEV-VC155.dna
665,,,,665,pDEST12.2 VC155-ProTev-WT IDH1,665,0665-pDEST12.2 VC155-ProTev-WT IDH1.dna
666,,,,666,pDEST12.2 VN173-ProTev-WT IDH1,666,0666-pDEST12.2 VN173-ProTev-WT IDH1.dna
667,,0667-pDEST12.2.gb,yes,667,pDEST12.2 ,667,0667-pDEST12.2.gb
668,,,,668,pDEST12.2 VC155-ProTev-IDH1 R132H,668,0668-pDEST12.2 VC155-ProTev-IDH1 R132H.dna
669,,,,669,pDEST 12.2 IDH1 R132H-ProTEV-VN173,669,0669-pDEST 12.2 IDH1 R132H-ProTEV-VN173.dna
670,,,,670,pDEST12.2 VN173-ProTev-IDH1 R132H,670,0670-pDEST12.2 VN173-ProTev-IDH1 R132H.dna
671,,,,671,pDEST 12.2 IDH1 R132H-ProTEV-VC155,671,0671-pDEST 12.2 IDH1 R132H-ProTEV-VC155.dna
672,,,,672,RCASBP(A) EGFRWT-HA,672,0672-RCASBP(A) EGFRWT-HA.dna
673,,,,673,RCASBP(A) IDH1 R132H- no tag,673,0673-RCASBP(A) IDH1 R132H- no tag.dna
674,,,,674,pDEST12.2 IDH2 R172K-ProTEV-VN173,674,0674-pDEST12.2 IDH2 R172K-ProTEV-VN173.dna
675,,,,675,pDEST12.2 IDH2 R172K-ProTEV-VC155,675,0675-pDEST12.2 IDH2 R172K-ProTEV-VC155.dna
676,,,,676,pDEST12.2 VN173-ProTev-IDH2 R172K,676,0676-pDEST12.2 VN173-ProTev-IDH2 R172K.dna
677,,,,677,pDEST12.2 VC155-ProTev-IDH2 R172K,677,0677-pDEST12.2 VC155-ProTev-IDH2 R172K.dna
678,,,,678,pDEST12.2 WT IDH2-ProTEV-VC155,678,0678-pDEST12.2 WT IDH2-ProTEV-VC155.dna
679,,,,679,pDEST12.2 VN173-ProTev-WT IDH2,679,0679-pDEST12.2 VN173-ProTev-WT IDH2.dna
680,,,,680,pDEST12.2 VC155-ProTev-WT IDH2,680,0680-pDEST12.2 VC155-ProTev-WT IDH2.dna
681,,,,681,pCR8-myr-AKT3-2A-NLS-Cre,681,0681-pCR8-myr-AKT3-2A-NLS-Cre.dna
682,,,,682,pDEST12.2 WT IDH2-ProTEV-VN173,682,0682-pDEST12.2 WT IDH2-ProTEV-VN173.dna
683,,,,683,RCASBP(A)-myr-AKT3-2A-NLS-Cre,683,0683-RCASBP(A)-myr-AKT3-2A-NLS-Cre.dna
684,,,,684,pDONR-PDGFA,684,0684-pDONR-PDGFA.dna
685,,0685-pcDNA3.1-ProHB-EGF-CS.gb,yes,685,pcDNA3.1-ProHB-EGF-CS,685,0685-pcDNA3.1-ProHB-EGF-CS.gb
686,,,,686,RCASBP(A)-PDGFA,686,0686-RCASBP(A)-PDGFA.dna
687,,,,687,RCASBP(A)-PDGFB,687,0687-RCASBP(A)-PDGFB.dna
688,,,,688,RCASBP(A)-proHB-EGF-CS,688,0688-RCASBP(A)-proHB-EGF-CS.dna
689,,,,689,RCASBP(A)-hu-IL17A-HA,689,0689-RCASBP(A)-hu-IL17A-HA.dna
690,,,,690,RCAS y DV (A) AKT chimera 2KR3PL ,690,0690-RCAS y DV (A) AKT chimera 2KR3PL .dna
691,,,,691,RCAS y DV (A) AKT chimera 2PKR3L   ,691,0691-RCAS y DV (A) AKT chimera 2PKR3L   .dna
692,,,,692,RCAS y DV (A) AKT3 E17K w/o HA tag; Don't use,692,0692-RCAS y DV (A) AKT3 E17K wo HA tag; Don't use.dna
693,,,,693,RCAS y DV (A) AKT chimera 3KR2PL,693,0693-RCAS y DV (A) AKT chimera 3KR2PL.dna
694,,,,694,RCAS y DV (A) TetOff-P2A-NLS-myc-Cre,694,0694-RCAS y DV (A) TetOff-P2A-NLS-myc-Cre.dna
695,,,,695,RCASyDV/C-HA E17KAKT3 w/ HA tag,695,0695-RCASyDVC-HA E17KAKT3 w HA tag.dna
696,,,,696,pDEST12.2 WT IDH1-HA (human),696,0696-pDEST12.2 WT IDH1-HA (human).dna
697,,,,697,pDEST12.2 IDH1 R132H-HA (human),697,0697-pDEST12.2 IDH1 R132H-HA (human).dna
698,,,,698,pDEST12.2 IDH1 R132H-no tag (human),698,0698-pDEST12.2 IDH1 R132H-no tag (human).dna
699,,,,699,pDEST12.2 WT IDH1-HA (mouse),699,0699-pDEST12.2 WT IDH1-HA (mouse).dna
700,,,,700,pDEST12.2 IDH1 R132H-HA (mouse),700,0700-pDEST12.2 IDH1 R132H-HA (mouse).dna
701,,,,701,pDEST12.2 WT IDH2-HA,701,0701-pDEST12.2 WT IDH2-HA.dna
702,,,,702,pDEST12.2 IDH2 R172K-HA,702,0702-pDEST12.2 IDH2 R172K-HA.dna
703,,,,703,HsPTRIPZ ShRNA IDH1 (I-E-07),703,0703-HsPTRIPZ ShRNA IDH1 (I-E-07).dna
704,,,,704,HsPTRIPZ ShRNA IDH2 (I-E-06),704,0704-HsPTRIPZ ShRNA IDH2 (I-E-06).dna
705,,,,705,RCASBPyDV(A) HA-E17K_AKT3,705,0705-RCASBPyDV(A) HA-E17K_AKT3.dna
706,,,,706,RCASBP(A) VN173-WT IDH1,706,0706-RCASBP(A) VN173-WT IDH1.dna
707,,,,707,RCASBP(A) VC155-WT IDH1,707,0707-RCASBP(A) VC155-WT IDH1.dna
708,,,,708,RCASBP(A) VN173-IDH1 R132H,708,0708-RCASBP(A) VN173-IDH1 R132H.dna
709,,,,709,RCASBP(A) VC155-IDH1 R132H,709,0709-RCASBP(A) VC155-IDH1 R132H.dna
710,,,,710,pDEST12.2 VN173-WTIDH1-VC155,710,0710-pDEST12.2 VN173-WTIDH1-VC155.dna
711,,,,711,pcDNA3.1-ProHB-EGF-WT,711,0711-pcDNA3.1-ProHB-EGF-WT.dna
712,,,,712,pcDNA3.1-ProHB-EGF-NC,712,0712-pcDNA3.1-ProHB-EGF-NC.dna
713,,,,713,pT3.5-CMV-EGFRvIII (Ohlfest),713,0713-pT3.5-CMV-EGFRvIII (Ohlfest).dna
714,,,,714,RCASBP(A)-proHB-EGF-NC,714,0714-RCASBP(A)-proHB-EGF-NC.dna
715,,,,715,RCASBP(A)-proHB-EGF-WT,715,0715-RCASBP(A)-proHB-EGF-WT.dna
716,,,,716,RCASBP(A)-EGFRvIII (Ohlfest),716,0716-RCASBP(A)-EGFRvIII (Ohlfest).dna
717,,,,717,RCASBP(A) HA-ERK1L92P/S170D/D338N,717,0717-RCASBP(A) HA-ERK1L92PS170DD338N.dna
718,,,,718,RCASBP(A) HA-ERK2L75P/S153D/D321N,718,0718-RCASBP(A) HA-ERK2L75PS153DD321N.dna
719,,,,719,RCASBP(A) p53R273L-Ires-Cre,719,0719-RCASBP(A) p53R273L-Ires-Cre.dna
720,,,,720,RCASBP(A) p53R273L_3xFlag-Ires-Cre,720,0720-RCASBP(A) p53R273L_3xFlag-Ires-Cre.dna
721,,,,721,p59 (from MVB) Rev retrovirus packaging,721,0721-p59 (from MVB) Rev retrovirus packaging.dna
722,,,,722,p60 (from MVB) VSVG-Env retrovirus packaging,722,0722-p60 (from MVB) VSVG-Env retrovirus packaging.dna
723,,,,723,p61 (from MVB) GagPol retrovirus packaging,723,0723-p61 (from MVB) GagPol retrovirus packaging.dna
724,,,,724,pcB6 WTA VCT (from MVB),724,0724-pcB6 WTA VCT (from MVB).dna
725,,,,725,FG12 CMV HS (Human) BRAF V600E GFP,725,0725-FG12 CMV HS (Human) BRAF V600E GFP.dna
726,,0726-RCANBP(A) TRE2-myr-HA-AKT3.dna,yes,726,RCANBP(A) TRE2-myr-HA-AKT3,726,0726-RCANBP(A) TRE2-myr-HA-AKT3.dna
727,,,,727,pCR8 GW/Topo myr-HA-AKT3,727,0727-pCR8 GWTopo myr-HA-AKT3.dna
728,,,,728,pORFexpressShuttle_GranzymeM_NM_005317.3,728,0728-pORFexpressShuttle_GranzymeM_NM_005317.3.dna
729,,,,729,pMK-attB-iLOV_CMV-3xFLAG-TetOff-p2A-NLS-Myc-Cre,729,0729-pMK-attB-iLOV_CMV-3xFLAG-TetOff-p2A-NLS-Myc-Cre.dna
730,,,,730,pTRIPZ-attB-iLOV_CMV-3xFLAG-TetOff-p2A-NLS-Myc-Cre [PICTC],730,0730-pTRIPZ-attB-iLOV_CMV-3xFLAG-TetOff-p2A-NLS-Myc-Cre [PICTC].dna
731,,,,731,pTRIPZ-attB-iLOV_CMV-3xFLAG-TetOff [PICT],731,0731-pTRIPZ-attB-iLOV_CMV-3xFLAG-TetOff [PICT].dna
732,,,,732,pDONOR-221_HA-hBRAFv600e (no myc/his),732,0732-pDONOR-221_HA-hBRAFv600e (no mychis).dna
733,,,,733,pTRIPZ-DV-CMV-3xFLAG-TetOff-p2A-NLS-Myc-Cre [TzTOC DV] [formerly known as PDCTC],733,0733-pTRIPZ-DV-CMV-3xFLAG-TetOff-p2A-NLS-Myc-Cre [TzTOC DV] [formerly known as PDCTC].dna
734,,,,734,pTRIPZ-DV-CMV-3xFLAG-TetOff [TzTO DV] [formerly known as PDCT],734,0734-pTRIPZ-DV-CMV-3xFLAG-TetOff [TzTO DV] [formerly known as PDCT].dna
735,,0735-FG12 CMV MET-3xFlag (GFP).dna,yes,735,FG12 CMV MET-3xFlag (GFP),735,0735-FG12 CMV MET-3xFlag (GFP).dna
736,,0736-RCAS METx3Flag.dna,yes,736,RCAS METx3Flag,736,0736-RCAS METx3Flag.dna
737,,,,737,pDONOR-221_iLOV,737,0737-pDONOR-221_iLOV.dna
738,,,,738,pTRIPZ-HA-hBRAFv600e-CMV-3xFLAG-TetOff-p2A-NLS-Myc-Cre [TzTOC-BRAF] [formerly known as PBCTC],738,0738-pTRIPZ-HA-hBRAFv600e-CMV-3xFLAG-TetOff-p2A-NLS-Myc-Cre [TzTOC-BRAF] [formerly known as PBCTC].dna
739,,,,739,pTRIPZ-HA-hBRAFv600e-CMV-3xFLAG-TetOff [TzTO-BRAF] [formerly known as PBCT],739,0739-pTRIPZ-HA-hBRAFv600e-CMV-3xFLAG-TetOff [TzTO-BRAF] [formerly known as PBCT].dna
740,,,,740,psPAX2 (from JR),740,0740-psPAX2 (from JR).dna
741,,,,741,RCANBP(A) TZTRE-myr-HA-AKT3 (clone 6),741,0741-RCANBP(A) TZTRE-myr-HA-AKT3 (clone 6).dna
742,,,,742,pCR8 GW/Topo GranzymeM Var2wt,742,0742-pCR8 GWTopo GranzymeM Var2wt.dna
743,,,,743,pCR8 GW/Topo GranzymeM Var1stop,743,0743-pCR8 GWTopo GranzymeM Var1stop.dna
744,,,,744,pCR8 GW/Topo GranzymeM Var2stop,744,0744-pCR8 GWTopo GranzymeM Var2stop.dna
745,,,,745,FG12-cmv GranzymeM Var1wt,745,0745-FG12-cmv GranzymeM Var1wt.dna
746,,,,746,FG12-cmv GranzymeM Var2wt,746,0746-FG12-cmv GranzymeM Var2wt.dna
747,,,,747,FG12-cmv GranzymeM Var1stop,747,0747-FG12-cmv GranzymeM Var1stop.dna
748,,,,748,FG12-cmv GranzymeM Var2stop,748,0748-FG12-cmv GranzymeM Var2stop.dna
749,,,,749,pDONOR-221_HA-BRAF-KDwt,749,0749-pDONOR-221_HA-BRAF-KDwt.dna
750,,,,750,pDONOR-221_HA-BRAF-KDve,750,0750-pDONOR-221_HA-BRAF-KDve.dna
751,,,,751,pDONOR-221_TRE-HA-BRAF-KDwt,751,0751-pDONOR-221_TRE-HA-BRAF-KDwt.dna
752,,,,752,pDONOR-221_TRE-HA-BRAF-Kdve,752,0752-pDONOR-221_TRE-HA-BRAF-Kdve.dna
753,,,,753,pTRIPZ-HA-BRAF-KDwt-CMV-3xFLAG-TetOff-p2A-NLS-Myc-Cre [TzTOC-KDwt] [formerly known as PBKwCTC],753,0753-pTRIPZ-HA-BRAF-KDwt-CMV-3xFLAG-TetOff-p2A-NLS-Myc-Cre [TzTOC-KDwt] [formerly known as PBKwCTC].dna
754,,,,754,pTRIPZ-HA-BRAF-KDve-CMV-3xFLAG-TetOff-p2A-NLS-Myc-Cre [TzTOC-KDve] [formerly known as PBKvCTC],754,0754-pTRIPZ-HA-BRAF-KDve-CMV-3xFLAG-TetOff-p2A-NLS-Myc-Cre [TzTOC-KDve] [formerly known as PBKvCTC].dna
755,,,,755,pDONOR-221 MET-3xFlag,755,0755-pDONOR-221 MET-3xFlag.dna
756,,,,756,RCANBP(A) TZTRE-myr-HA-AKT3 (clone 4),756,0756-RCANBP(A) TZTRE-myr-HA-AKT3 (clone 4).dna
757,,,,757,RCANBP(A) TZTRE-myr-HA-AKT3 (clone 5),757,0757-RCANBP(A) TZTRE-myr-HA-AKT3 (clone 5).dna
758,,,,758,pENTR223.1 Met (Mouse) (Gateway donor/master vector),758,0758-pENTR223.1 Met (Mouse) (Gateway donormaster vector).dna
759,,0759-pENTR FLAG-AKT1.dna,yes,759,pENTR FLAG-AKT1 ,759,0759-pENTR FLAG-AKT1.dna
760,,0760-pENTR myr-FLAG-AKT1.dna,yes,760,pENTR myr-FLAG-AKT1 ,760,0760-pENTR myr-FLAG-AKT1.dna
761,,0761-pENTR FLAG-AKT2.dna,yes,761,pENTR FLAG-AKT2 ,761,0761-pENTR FLAG-AKT2.dna
762,,0762-pENTR myr-FLAG-AKT2.dna,yes,762,pENTR myr-FLAG-AKT2,762,0762-pENTR myr-FLAG-AKT2.dna
763,,0763-pENTR FLAG-AKT3.dna,yes,763,pENTR FLAG-AKT3 ,763,0763-pENTR FLAG-AKT3.dna
764,,0764-pENTR myr-FLAG-AKT3.dna,yes,764,pENTR myr-FLAG-AKT3,764,0764-pENTR myr-FLAG-AKT3.dna
765,,,,765,RCASBP y DV(A)-HA-E17K_Akt1,765,0765-RCASBP y DV(A)-HA-E17K_Akt1.dna
766,,,,766,"FG12-cmv Met-HA (Mouse), GFP",766,"0766-FG12-cmv Met-HA (Mouse), GFP.dna"
767,,,,767,RCASBP Met-HA (Mouse),767,0767-RCASBP Met-HA (Mouse).dna
768,,,,768,FG12 CMV CRE UBC mCherry (need to transform and prep),768,0768-FG12 CMV CRE UBC mCherry (need to transform and prep).dna
769,,,,769,pTRIPZ-CRE-CMV-3xFLAG-TetOff [TzTO-Cre] [formerly known as PCCT],769,0769-pTRIPZ-CRE-CMV-3xFLAG-TetOff [TzTO-Cre] [formerly known as PCCT].dna
770,,,,770,pcDNA3.1-mADAM17,770,0770-pcDNA3.1-mADAM17.dna
771,,,,771,pRK5F-hTACE (ADAM17),771,0771-pRK5F-hTACE (ADAM17).dna
772,,,,772,pMD18T-hHBEGF,772,0772-pMD18T-hHBEGF.dna
773,,,,773,pMD18T-mHBEGF,773,0773-pMD18T-mHBEGF.dna
774,,,,774,pCMV6XL4-hEGF,774,0774-pCMV6XL4-hEGF.dna
775,,,,775,plentiCRISPRv2-s11-EGFR,775,0775-plentiCRISPRv2-s11-EGFR.dna
776,,,,776,plentiCRISPRv2-s9-AXL,776,0776-plentiCRISPRv2-s9-AXL.dna
777,,,,777,plentiCRISPRv2-s7-IDH1,777,0777-plentiCRISPRv2-s7-IDH1.dna
778,,,,778,plentiCRISPRv2-s24-IDH2,778,0778-plentiCRISPRv2-s24-IDH2.dna
779,,,,779,pcB6 WTA delta513 (from MVB),779,0779-pcB6 WTA delta513 (from MVB).dna
780,,0780-psPAX2.gb,yes,780,psPAX2 ,780,0780-psPAX2.gb
781,,,,781,pVSVG (same as p60),781,0781-pVSVG (same as p60).dna
782,,,,782,pTRIPZ TRE-myr-HA-AKT3-CMV-3xFLAG-TetOff-p2A-NLS-Myc-Cre [pTRIPZ MATOC],782,0782-pTRIPZ TRE-myr-HA-AKT3-CMV-3xFLAG-TetOff-p2A-NLS-Myc-Cre [pTRIPZ MATOC].dna
783,,0783-pDONOR221-pro-HBEGF-CS-mychis.gb,yes,783,pDONOR221-pro-HBEGF-CS-mychis,783,0783-pDONOR221-pro-HBEGF-CS-mychis.gb
784,,,,784,pDONOR221-pro-HBEGF-WT-mychis,784,0784-pDONOR221-pro-HBEGF-WT-mychis.dna
785,,,,785,pCR8-GW-TOPO-hHBEGF-FLAG,785,0785-pCR8-GW-TOPO-hHBEGF-FLAG.dna
786,,,,786,pCR8-GW-TOPO-hHBEGF (no tag),786,0786-pCR8-GW-TOPO-hHBEGF (no tag).dna
787,,,,787,pCR8-GW-TOPO-mHbegf-HA,787,0787-pCR8-GW-TOPO-mHbegf-HA.dna
788,,,,788,pCR8-GW-TOPO-mHbegf (no tag),788,0788-pCR8-GW-TOPO-mHbegf (no tag).dna
789,,,,789,pCR8-GW-TOPO-hEGF-HA,789,0789-pCR8-GW-TOPO-hEGF-HA.dna
790,,,,790,pCR8-GW-TOPO-hEGF (no tag),790,0790-pCR8-GW-TOPO-hEGF (no tag).dna
791,,,,791,pCR8-GW-TOPO-mAdam17-FLAG,791,0791-pCR8-GW-TOPO-mAdam17-FLAG.dna
792,,,,792,pCR8-GW-TOPO-mAdam17 (no tag),792,0792-pCR8-GW-TOPO-mAdam17 (no tag).dna
793,,,,793,pCR8-GW-TOPO-hADAM17-HA,793,0793-pCR8-GW-TOPO-hADAM17-HA.dna
794,,,,794,pCR8-GW-TOPO-hADAM17 (no tag),794,0794-pCR8-GW-TOPO-hADAM17 (no tag).dna
795,,,,795,pMXs-hu-N-MYC,795,0795-pMXs-hu-N-MYC.dna
796,,0796-FG12-CMV-mCherry.gb,yes,796,FG12-CMV-mCherry,796,0796-FG12-CMV-mCherry.gb
797,,,,797,pDEST12.2-loxP-dsRed2-STOP-loxP-eGFP,797,0797-pDEST12.2-loxP-dsRed2-STOP-loxP-eGFP.dna
798,,,,798,penv(A) wt,798,0798-penv(A) wt.dna
799,,,,799,RCASBP(A) Hu NMYC,799,0799-RCASBP(A) Hu NMYC.dna
800,,,,800,pMA-RQ AKT 3PKR2L (Chimera) myrFLAGattB,800,0800-pMA-RQ AKT 3PKR2L (Chimera) myrFLAGattB.dna
801,,0801-pENTR4 mouse TG2.dna,yes,801,pENTR4 mouse TG2,801,0801-pENTR4 mouse TG2.dna
802,,0802-RCAS yDV CHA mouse TG2.dna,yes,802,RCAS yDV CHA mouse TG2,802,0802-RCAS yDV CHA mouse TG2.dna
803,,,,803,RCANBP(A)-TzTRE-proHB-EGF-CS,803,0803-RCANBP(A)-TzTRE-proHB-EGF-CS.dna
804,,,,804,RCANBP(A)-TRE2-proHB-EGF-CS,804,0804-RCANBP(A)-TRE2-proHB-EGF-CS.dna
805,,,,805,pTRIPZ-HBEGFcs-CMV-3xFLAG-TetOff-p2A-NLS-Myc-Cre [TzTOC-pro-HB-EGF-CS],805,0805-pTRIPZ-HBEGFcs-CMV-3xFLAG-TetOff-p2A-NLS-Myc-Cre [TzTOC-pro-HB-EGF-CS].dna
806,,,,806,RCASBP(A)-hHBEGF-FLAG,806,0806-RCASBP(A)-hHBEGF-FLAG.dna
807,,,,807,RCASBP(A)-mHbegf-HA,807,0807-RCASBP(A)-mHbegf-HA.dna
808,,,,808,RCASBP(A)-hEGF-HA,808,0808-RCASBP(A)-hEGF-HA.dna
809,,,,809,RCASBP(A)-mAdam17-FLAG,809,0809-RCASBP(A)-mAdam17-FLAG.dna
810,,,,810,RCASBP(A)-hADAM17-HA,810,0810-RCASBP(A)-hADAM17-HA.dna
811,,,,811,pENTR myr-FLAG-AKT 3PKR2L (Chimera),811,0811-pENTR myr-FLAG-AKT 3PKR2L (Chimera).dna
812,,,,812,RCASBP(A) myr-FLAG-AKT 3PKR2L (Chimera),812,0812-RCASBP(A) myr-FLAG-AKT 3PKR2L (Chimera).dna
813,,,,813,RCASBP(A) AXL-HA,813,0813-RCASBP(A) AXL-HA.dna
814,,,,814,RCASBP(A) AXL,814,0814-RCASBP(A) AXL.dna
815,,0815-pCR8-GW-topo-hAXL-cMyc.gb,yes,815,pCR8-GW-topo-hAXL-cMyc,815,0815-pCR8-GW-topo-hAXL-cMyc.gb
816,,,,816,pCR8-GW-topo-hAXL-HA,816,0816-pCR8-GW-topo-hAXL-HA.dna
817,,,,817,FG12 CMV proHBEGFcs UBC GFP,817,0817-FG12 CMV proHBEGFcs UBC GFP.dna
818,,,,818,pCR8-GW-topo-hEGFR-HA,818,0818-pCR8-GW-topo-hEGFR-HA.dna
819,,,,819,pDEST FG12 CMV - UbC GFP (from MVB),819,0819-pDEST FG12 CMV - UbC GFP (from MVB).dna
820,,,,820,pDEST FG12 CMV - UbC mCherry (from MVB),820,0820-pDEST FG12 CMV - UbC mCherry (from MVB).dna
821,,,,821,FG12cmv-hAXL-cMyc_UbC-GFP ,821,0821-FG12cmv-hAXL-cMyc_UbC-GFP .dna
822,,,,822,FG12cmv-hEGFR-HA_UbC-mCherry,822,0822-FG12cmv-hEGFR-HA_UbC-mCherry.dna
823,,,,823,pCR8-GW-topo-pro-HBEGF-CS (no tag),823,0823-pCR8-GW-topo-pro-HBEGF-CS (no tag).dna
824,,,,824,FG12cmv-pro-HBEGF-CS (no tag)_UbC-GFP ,824,0824-FG12cmv-pro-HBEGF-CS (no tag)_UbC-GFP .dna
825,,,,825,FG12cmv-hEGFR-HA_UbC-GFP,825,0825-FG12cmv-hEGFR-HA_UbC-GFP.dna
826,,,,826,pDONOR-221_hADAM17,826,0826-pDONOR-221_hADAM17.dna
827,,,,827,pDONOR-221_mAdam17,827,0827-pDONOR-221_mAdam17.dna
828,,,,828,RCASBP(A)-hADAM17,828,0828-RCASBP(A)-hADAM17.dna
829,,,,829,RCASBP(A)-mADAM17,829,0829-RCASBP(A)-mADAM17.dna
830,,,,830,"FG12cmv-FLAG-AKT1, GFP",830,"0830-FG12cmv-FLAG-AKT1, GFP.dna"
831,,,,831,"FG12cmv-FLAG-AKT2, GFP",831,"0831-FG12cmv-FLAG-AKT2, GFP.dna"
832,,,,832,"FG12cmv-FLAG-AKT3, GFP",832,"0832-FG12cmv-FLAG-AKT3, GFP.dna"
833,,,,833,"FG12cmv-myr-FLAG-AKT1, GFP",833,"0833-FG12cmv-myr-FLAG-AKT1, GFP.dna"
834,,,,834,"FG12cmv-myr-FLAG-AKT2, GFP",834,"0834-FG12cmv-myr-FLAG-AKT2, GFP.dna"
835,,,,835,"FG12cmv-myr-FLAG-AKT3, GFP",835,"0835-FG12cmv-myr-FLAG-AKT3, GFP.dna"
836,,,,836,pMA-RQ AKT 3PKR2L (Chimera) myrFLAGattB,836,0836-pMA-RQ AKT 3PKR2L (Chimera) myrFLAGattB.dna
837,,,,837,pMK TRE3 BRAF.kd.V600E-P2A-Cre,837,0837-pMK TRE3 BRAF.kd.V600E-P2A-Cre.dna
838,,0838-ACZEGP TRE3 MCS.gb,yes,838,ACZEGP TRE3 MCS,838,0838-ACZEGP TRE3 MCS.gb
839,,,,839,pCR8 GW/Topo HA-Akt1 (E17K) (mouse),839,0839-pCR8 GWTopo HA-Akt1 (E17K) (mouse).dna
840,,,,840,pENTR TRE3 HA-Akt1 (E17K) (mouse),840,0840-pENTR TRE3 HA-Akt1 (E17K) (mouse).dna
841,,,,841,RCAN TRE3 HA-Akt1 (E17K) (mouse),841,0841-RCAN TRE3 HA-Akt1 (E17K) (mouse).dna
842,,,,842,pCR8 GW/Topo HA-Akt2 (mouse),842,0842-pCR8 GWTopo HA-Akt2 (mouse).dna
843,,,,843,pCR8 GW/Topo HA-Akt1 (E40K) (mouse),843,0843-pCR8 GWTopo HA-Akt1 (E40K) (mouse).dna
844,,,,844,pCR8 GW/Topo HA-Akt1 (Q79K) (mouse),844,0844-pCR8 GWTopo HA-Akt1 (Q79K) (mouse).dna
845,,,,845,pCR8 GW/Topo HA-Akt2 (E17K) (mouse),845,0845-pCR8 GWTopo HA-Akt2 (E17K) (mouse).dna
846,,,,846,pCR8 GW/Topo HA-Akt2 (E40K) (mouse),846,0846-pCR8 GWTopo HA-Akt2 (E40K) (mouse).dna
847,,,,847,pCR8 GW/Topo HA-Akt2 (Q79K) (mouse),847,0847-pCR8 GWTopo HA-Akt2 (Q79K) (mouse).dna
848,,,,848,pCR8 GW/Topo HA-Akt3 (E17K) (mouse),848,0848-pCR8 GWTopo HA-Akt3 (E17K) (mouse).dna
849,,,,849,pCR8 GW/Topo HA-Akt3 (E40K) (mouse),849,0849-pCR8 GWTopo HA-Akt3 (E40K) (mouse).dna
850,,,,850,pCR8 GW/Topo HA-Akt3 (Q79K) (mouse) ,850,0850-pCR8 GWTopo HA-Akt3 (Q79K) (mouse) .dna
851,,,,851,RCAS HA-Akt1 (E40K) (mouse),851,0851-RCAS HA-Akt1 (E40K) (mouse).dna
852,,,,852,RCAS HA-Akt1 (Q79K) (mouse),852,0852-RCAS HA-Akt1 (Q79K) (mouse).dna
853,,,,853,RCAS HA-Akt2 (E17K) (mouse),853,0853-RCAS HA-Akt2 (E17K) (mouse).dna
854,,,,854,RCAS HA-Akt2 (E40K) (mouse),854,0854-RCAS HA-Akt2 (E40K) (mouse).dna
855,,,,855,RCAS HA-Akt2 (Q79K) (mouse),855,0855-RCAS HA-Akt2 (Q79K) (mouse).dna
856,,,,856,RCAS HA-Akt3 (E17K) (mouse),856,0856-RCAS HA-Akt3 (E17K) (mouse).dna
857,,,,857,RCAS HA-Akt3 (E40K) (mouse),857,0857-RCAS HA-Akt3 (E40K) (mouse).dna
858,,,,858,RCAS HA-Akt3 (Q79K) (mouse),858,0858-RCAS HA-Akt3 (Q79K) (mouse).dna
859,,0859-RCAS LSD1.dna,yes,859,RCAS LSD1 ,859,0859-RCAS LSD1.dna
860,,0860-RCAS JMJD2C.dna,yes,860,RCAS JMJD2C ,860,0860-RCAS JMJD2C.dna
861,,,,861,pENTR TRE3 hBRAFv600e-HA,861,0861-pENTR TRE3 hBRAFv600e-HA.dna
862,,,,862,RCAN-X TRE3 hBRAFv600e-HA,862,0862-RCAN-X TRE3 hBRAFv600e-HA.dna
863,,,,863,RCAS myr-AKT1 FLAG (Nterm),863,0863-RCAS myr-AKT1 FLAG (Nterm).dna
864,,,,864,RCAS myr-AKT2 FLAG (Nterm) ,864,0864-RCAS myr-AKT2 FLAG (Nterm) .dna
865,,,,865,RCAS myr-AKT3 FLAG (Nterm),865,0865-RCAS myr-AKT3 FLAG (Nterm).dna
866,,,,866,RCAS myr-Akt1 HA (Cterm) ,866,0866-RCAS myr-Akt1 HA (Cterm) .dna
867,,,,867,RCAS myr-Akt2 HA (Cterm) ,867,0867-RCAS myr-Akt2 HA (Cterm) .dna
868,,,,868,RCAS myr-Akt3 (rat),868,0868-RCAS myr-Akt3 (rat).dna
869,,,,869,RCAS AKT3 HA (Cterm),869,0869-RCAS AKT3 HA (Cterm).dna
870,,,,870,RCAS AKT3 DN HA (Cterm),870,0870-RCAS AKT3 DN HA (Cterm).dna
871,,,,871,RCAS AKT3 T305A HA (Cterm),871,0871-RCAS AKT3 T305A HA (Cterm).dna
872,,,,872,pCMV5 HA Akt3 WT,872,0872-pCMV5 HA Akt3 WT.dna
873,,,,873,pcDNA3 myr HA Akt2,873,0873-pcDNA3 myr HA Akt2.dna
874,,,,874,RCAS myr AKT2 DN FLAG(Nterm) ,874,0874-RCAS myr AKT2 DN FLAG(Nterm) .dna
875,,,,875,pcDNA3 HA myr Akt2 DN c4 (human),875,0875-pcDNA3 HA myr Akt2 DN c4 (human).dna
876,,,,876,pcDNA3 HA myr Akt2 DN c3 (human),876,0876-pcDNA3 HA myr Akt2 DN c3 (human).dna
877,,,,877,pcDNA3.1 myr 2PL/1KR,877,0877-pcDNA3.1 myr 2PL1KR.dna
878,,,,878,pcDNA3.1 myr 3PL/1KR,878,0878-pcDNA3.1 myr 3PL1KR.dna
879,,,,879,pcDNA3.2 FLAG 2P/1LKR,879,0879-pcDNA3.2 FLAG 2P1LKR.dna
880,,,,880,pcDNA3.2 FLAG 2PL/1KR,880,0880-pcDNA3.2 FLAG 2PL1KR.dna
881,,,,881,pcDNA3.2 FLAG 3PL/1KR,881,0881-pcDNA3.2 FLAG 3PL1KR.dna
882,,,,882,RCAS myr 2P/1LKR FLAG (Nterm),882,0882-RCAS myr 2P1LKR FLAG (Nterm).dna
883,,,,883,RCAS myr 2PL/1KR FLAG (Nterm),883,0883-RCAS myr 2PL1KR FLAG (Nterm).dna
884,,,,884,RCAS myr 1PLK/2R FLAG (Nterm),884,0884-RCAS myr 1PLK2R FLAG (Nterm).dna
885,,,,885,RCAS myr 3P/1LKR FLAG (Nterm),885,0885-RCAS myr 3P1LKR FLAG (Nterm).dna
886,,,,886,RCAS myr 3PL/1KR FLAG (Nterm),886,0886-RCAS myr 3PL1KR FLAG (Nterm).dna
887,,,,887,RCAS 2P/1LKR c3 FLAG (Nterm),887,0887-RCAS 2P1LKR c3 FLAG (Nterm).dna
888,,,,888,RCAS 2PL/1KR c1 FLAG (Nterm),888,0888-RCAS 2PL1KR c1 FLAG (Nterm).dna
889,,,,889,RCAS myr 3PL/1KR FLAG,889,0889-RCAS myr 3PL1KR FLAG.dna
890,,,,890,RCAS HA-Akt2 (mouse),890,0890-RCAS HA-Akt2 (mouse).dna
891,,,,891,RCAS myr-HA-Akt1 (mouse),891,0891-RCAS myr-HA-Akt1 (mouse).dna
892,,0892-pHIV Luciferase-IRES-ZsGreen (lentivirus).dna,yes,892,pHIV Luciferase-IRES-ZsGreen (lentivirus),892,0892-pHIV Luciferase-IRES-ZsGreen (lentivirus).dna
893,,,,893,pCR8 GW/TOPO myr-HA-Akt1 (mouse),893,0893-pCR8 GWTOPO myr-HA-Akt1 (mouse).dna
894,,"0894-FG12 myr-HA-Akt1, GFP (mouse).dna",yes,894,"FG12 myr-HA-Akt1, GFP (mouse)",894,"0894-FG12 myr-HA-Akt1, GFP (mouse).dna"
895,,,,895,pCR8 myr-HA-Akt2 (mouse),895,0895-pCR8 myr-HA-Akt2 (mouse).dna
896,,"0896-FG12 myr-HA-Akt2, GFP (mouse).dna",yes,896,"FG12 myr-HA-Akt2, GFP (mouse)",896,"0896-FG12 myr-HA-Akt2, GFP (mouse).dna"
897,,0897-pCR8 myr-HA-Akt3 (mouse).dna,yes,897,pCR8 myr-HA-Akt3 (mouse),897,0897-pCR8 myr-HA-Akt3 (mouse).dna
898,,"0898-FG12 myr-HA-Akt3, GFP (mouse).dna",yes,898,"FG12 myr-HA-Akt3, GFP (mouse)",898,"0898-FG12 myr-HA-Akt3, GFP (mouse).dna"
899,,,,899,pENTR1A 3xflag-JMJD2C (human),899,0899-pENTR1A 3xflag-JMJD2C (human).dna
900,,,,900,pENTR1A 3xflag-LSD1 (human),900,0900-pENTR1A 3xflag-LSD1 (human).dna
901,,,,901,pENTR1A 3xflag-H3R9 (human),901,0901-pENTR1A 3xflag-H3R9 (human).dna
902,,,,902,RCAS 3xFLAG hJMJD2C,902,0902-RCAS 3xFLAG hJMJD2C.dna
903,,,,903,RCAS 3xFLAG hLSD1,903,0903-RCAS 3xFLAG hLSD1.dna
904,,,,904,RCAS 3xFLAG hH3R9,904,0904-RCAS 3xFLAG hH3R9.dna
905,,,,905,pCR8 HA-mYB1,905,0905-pCR8 HA-mYB1.dna
906,,,,906,pHIV GW-compatible Luciferase-IRES-ZsGreen (lentivirus) (EF1a-GW; CMV-Luc-ZsG),906,0906-pHIV GW-compatible Luciferase-IRES-ZsGreen (lentivirus) (EF1a-GW; CMV-Luc-ZsG).dna
907,,,,907,pCR8 HA-mLSD1,907,0907-pCR8 HA-mLSD1.dna
908,,,,908,"pHIV HA-Akt1 E17K, Luciferase-IRES-ZsGreen (lentivirus) (EF1a-GW; CMV-Luc-ZsG)",908,"0908-pHIV HA-Akt1 E17K, Luciferase-IRES-ZsGreen (lentivirus) (EF1a-GW; CMV-Luc-ZsG).dna"
909,,,,909,RCAS HA mLSD1,909,0909-RCAS HA mLSD1.dna
910,,,,910,pHIV GW-compatible Luciferase-IRES-ZsGreen (lentivirus) (EF1a-Luc-ZsG; CMV-GW),910,0910-pHIV GW-compatible Luciferase-IRES-ZsGreen (lentivirus) (EF1a-Luc-ZsG; CMV-GW).dna
911,,,,911,"pHIV HA-Akt1-E17K, Luciferase-IRES-ZsGreen (lentivirus) (CMV-Akt1-E17K; EF1a-Luc-ZsG)",911,"0911-pHIV HA-Akt1-E17K, Luciferase-IRES-ZsGreen (lentivirus) (CMV-Akt1-E17K; EF1a-Luc-ZsG).dna"
912,,,,912,pCR8 HA mYB1 S100A,912,0912-pCR8 HA mYB1 S100A.dna
913,,,,913,pCR8 HA mYB1 S100D,913,0913-pCR8 HA mYB1 S100D.dna
914,,,,914,RCAS HA mYB1 WT,914,0914-RCAS HA mYB1 WT.dna
915,,,,915,FG12 HA mYB1 WT,915,0915-FG12 HA mYB1 WT.dna
916,,,,916,RCAS HA mYB1 S100A,916,0916-RCAS HA mYB1 S100A.dna
917,,,,917,FG12 HA mYB1 S100A,917,0917-FG12 HA mYB1 S100A.dna
918,,,,918,RCAS HA mYB1 S100D,918,0918-RCAS HA mYB1 S100D.dna
919,,,,919,FG12 HA mYB1 S100D,919,0919-FG12 HA mYB1 S100D.dna
920,,,,920,pCR8 HA mAKT1 WT,920,0920-pCR8 HA mAKT1 WT.dna
921,,,,921,pCR8 V5 p53 R273L,921,0921-pCR8 V5 p53 R273L.dna
922,,,,922,"pHIV HA-Akt1, Luciferase-IRES-ZsGreen (lentivirus) (CMV-Akt1; EF1a-Luc-ZsG)",922,"0922-pHIV HA-Akt1, Luciferase-IRES-ZsGreen (lentivirus) (CMV-Akt1; EF1a-Luc-ZsG).dna"
923,,,,923,RCAS HA mAKT1 WT,923,0923-RCAS HA mAKT1 WT.dna
924,,,,924,FG12 HA AKT1 WT,924,0924-FG12 HA AKT1 WT.dna
925,,,,925,pCR8 V5 p53 R273C,925,0925-pCR8 V5 p53 R273C.dna
926,,,,926,RCAS V5 p53 R273C,926,0926-RCAS V5 p53 R273C.dna
927,,,,927,FG12 HA Akt1 E17K,927,0927-FG12 HA Akt1 E17K.dna
928,,,,928,pCR8 GW/TOPO HA-Akt3,928,0928-pCR8 GWTOPO HA-Akt3.dna
929,,,,929,"pTRIPZ Tet-On HA-Akt1, rtTA3-IRES-Puro",929,"0929-pTRIPZ Tet-On HA-Akt1, rtTA3-IRES-Puro.dna"
930,,,,930,"pTRIPZ Tet-On HA-Akt1 E17K, rtTA3-IRES-Puro",930,"0930-pTRIPZ Tet-On HA-Akt1 E17K, rtTA3-IRES-Puro.dna"
931,,,,931,"pTRIPZ Tet-On HA-Akt1 E40K, rtTA3-IRES-Puro",931,"0931-pTRIPZ Tet-On HA-Akt1 E40K, rtTA3-IRES-Puro.dna"
932,,,,932,"pTRIPZ Tet-On HA-Akt1 Q79K, rtTA3-IRES-Puro",932,"0932-pTRIPZ Tet-On HA-Akt1 Q79K, rtTA3-IRES-Puro.dna"
933,,,,933,"pTRIPZ Tet-On HA-Akt2, rtTA3-IRES-Puro",933,"0933-pTRIPZ Tet-On HA-Akt2, rtTA3-IRES-Puro.dna"
934,,,,934,"pTRIPZ Tet-On HA-Akt2 E17K, rtTA3-IRES-Puro",934,"0934-pTRIPZ Tet-On HA-Akt2 E17K, rtTA3-IRES-Puro.dna"
935,,,,935,"pTRIPZ Tet-On HA-Akt2 E40K, rtTA3-IRES-Puro",935,"0935-pTRIPZ Tet-On HA-Akt2 E40K, rtTA3-IRES-Puro.dna"
936,,,,936,"pTRIPZ Tet-On HA-Akt2 Q79K, rtTA3-IRES-Puro",936,"0936-pTRIPZ Tet-On HA-Akt2 Q79K, rtTA3-IRES-Puro.dna"
937,,,,937,"pTRIPZ Tet-On HA-Akt3, rtTA3-IRES-Puro",937,"0937-pTRIPZ Tet-On HA-Akt3, rtTA3-IRES-Puro.dna"
938,,,,938,"pTRIPZ Tet-On HA-Akt3 E17K, rtTA3-IRES-Puro",938,"0938-pTRIPZ Tet-On HA-Akt3 E17K, rtTA3-IRES-Puro.dna"
939,,,,939,"pTRIPZ Tet-On HA-Akt3 E40K, rtTA3-IRES-Puro",939,"0939-pTRIPZ Tet-On HA-Akt3 E40K, rtTA3-IRES-Puro.dna"
940,,,,940,"pTRIPZ Tet-On HA-Akt3 Q79K, rtTA3-IRES-Puro",940,"0940-pTRIPZ Tet-On HA-Akt3 Q79K, rtTA3-IRES-Puro.dna"
941,,0941-pBluescript SK.dna,yes,941,pBluescript SK,941,0941-pBluescript SK.dna
942,,,,942,pENTR myr-FLAG AKT 1PL/2KR,942,0942-pENTR myr-FLAG AKT 1PL2KR.dna
943,,,,943,RCAS myr-FLAG AKT 1PL/2KR,943,0943-RCAS myr-FLAG AKT 1PL2KR.dna
944,,0944-RCAS HA-Akt2.dna,yes,944,RCAS HA-Akt2,944,0944-RCAS HA-Akt2.dna
945,,,,945,RCAS HA-Akt3,945,0945-RCAS HA-Akt3.dna
946,,,,946,pENTR TRE3 myr-HA-Akt1 (mouse),946,0946-pENTR TRE3 myr-HA-Akt1 (mouse).dna
947,,,,947,RCAN TRE3 myr-HA-Akt1 (mouse),947,0947-RCAN TRE3 myr-HA-Akt1 (mouse).dna
948,,,,948,pTRIPZ TRE-HA-Akt1-CMV-3xFLAG-TetOff-p2A-NLS-Myc-Cre,948,0948-pTRIPZ TRE-HA-Akt1-CMV-3xFLAG-TetOff-p2A-NLS-Myc-Cre.dna
949,,,,949,pTRIPZ TRE-HA-Akt1-E17K-CMV-3xFLAG-TetOff-p2A-NLS-Myc-Cre,949,0949-pTRIPZ TRE-HA-Akt1-E17K-CMV-3xFLAG-TetOff-p2A-NLS-Myc-Cre.dna
950,,,,950,pTRIPZ TRE-HA-Akt1-E40K-CMV-3xFLAG-TetOff-p2A-NLS-Myc-Cre,950,0950-pTRIPZ TRE-HA-Akt1-E40K-CMV-3xFLAG-TetOff-p2A-NLS-Myc-Cre.dna
951,,,,951,pTRIPZ TRE-HA-Akt1-Q79K-3xFLAG-TetOff-p2A-NLS-Myc-Cre,951,0951-pTRIPZ TRE-HA-Akt1-Q79K-3xFLAG-TetOff-p2A-NLS-Myc-Cre.dna
952,,,,952,pTRIPZ TRE-HA-Akt2-CMV-3xFLAG-TetOff-p2A-NLS-Myc-Cre,952,0952-pTRIPZ TRE-HA-Akt2-CMV-3xFLAG-TetOff-p2A-NLS-Myc-Cre.dna
953,,,,953,pTRIPZ TRE-HA-Akt2-E17K-CMV-3xFLAG-TetOff-p2A-NLS-Myc-Cre,953,0953-pTRIPZ TRE-HA-Akt2-E17K-CMV-3xFLAG-TetOff-p2A-NLS-Myc-Cre.dna
954,,,,954,pTRIPZ TRE-HA-Akt2-E40K-CMV-3xFLAG-TetOff-p2A-NLS-Myc-Cre,954,0954-pTRIPZ TRE-HA-Akt2-E40K-CMV-3xFLAG-TetOff-p2A-NLS-Myc-Cre.dna
955,,,,955,pTRIPZ TRE-HA-Akt2-Q79K-CMV-3xFLAG-TetOff-p2A-NLS-Myc-Cre,955,0955-pTRIPZ TRE-HA-Akt2-Q79K-CMV-3xFLAG-TetOff-p2A-NLS-Myc-Cre.dna
956,,,,956,pTRIPZ TRE-HA-Akt3-CMV-3xFLAG-TetOff-p2A-NLS-Myc-Cre,956,0956-pTRIPZ TRE-HA-Akt3-CMV-3xFLAG-TetOff-p2A-NLS-Myc-Cre.dna
957,,,,957,pTRIPZ TRE-HA-Akt3-E17K-CMV-3xFLAG-TetOff-p2A-NLS-Myc-Cre,957,0957-pTRIPZ TRE-HA-Akt3-E17K-CMV-3xFLAG-TetOff-p2A-NLS-Myc-Cre.dna
958,,,,958,pTRIPZ TRE-HA-Akt3-E40K-CMV-3xFLAG-TetOff-p2A-NLS-Myc-Cre,958,0958-pTRIPZ TRE-HA-Akt3-E40K-CMV-3xFLAG-TetOff-p2A-NLS-Myc-Cre.dna
959,,,,959,pTRIPZ TRE-HA-Akt3-Q79K-CMV-3xFLAG-TetOff-p2A-NLS-Myc-Cre,959,0959-pTRIPZ TRE-HA-Akt3-Q79K-CMV-3xFLAG-TetOff-p2A-NLS-Myc-Cre.dna
960,,"0960-pCR8 HA-Akt1 E17K, K179M.dna",yes,960,"pCR8 HA-Akt1 E17K, K179M",960,"0960-pCR8 HA-Akt1 E17K, K179M.dna"
961,,"0961-RCAS HA-Akt1 E17K, K179M.dna",yes,961,"RCAS HA-Akt1 E17K, K179M",961,"0961-RCAS HA-Akt1 E17K, K179M.dna"
962,,0962-pcDNA3 eGFP.dna,yes,962,pcDNA3 eGFP,962,0962-pcDNA3 eGFP.dna
963,,,,963,pCR8 GW TOPO Golm1-FLAG,963,0963-pCR8 GW TOPO Golm1-FLAG.dna
964,,,,964,pCR8 GW TOPO Golm1-FLAG G351E,964,0964-pCR8 GW TOPO Golm1-FLAG G351E.dna
965,,0965-RCAS Golm1-FLAG.dna,yes,965,RCAS Golm1-FLAG,965,0965-RCAS Golm1-FLAG.dna
966,,,,966,RCAS Golm1-FLAG G351E,966,0966-RCAS Golm1-FLAG G351E.dna
967,,,,967,pCR8 GW TOPO GOLM1-FLAG,967,0967-pCR8 GW TOPO GOLM1-FLAG.dna
968,,,,968,pCR8 GW TOPO GOLM1-S307E-FLAG,968,0968-pCR8 GW TOPO GOLM1-S307E-FLAG.dna
969,,,,969,pCR8 GW TOPO GOLM1-G370E-FLAG,969,0969-pCR8 GW TOPO GOLM1-G370E-FLAG.dna
970,,,,970,RCAS GOLM1-FLAG,970,0970-RCAS GOLM1-FLAG.dna
971,,0971-RCAS GOLM1-S307L-FLAG.dna,yes,971,RCAS GOLM1-S307L-FLAG,971,0971-RCAS GOLM1-S307L-FLAG.dna
972,,0972-RCAS GOLM1-G370E-FLAG.dna,yes,972,RCAS GOLM1-G370E-FLAG,972,0972-RCAS GOLM1-G370E-FLAG.dna
973,,,,973,pCMV6 GFP Ppargc1a (Myc & FLAG tagged),973,0973-pCMV6 GFP Ppargc1a (Myc & FLAG tagged).dna
974,,,,974,pCR8 Ppargc1a (Myc & FLAG tagged),974,0974-pCR8 Ppargc1a (Myc & FLAG tagged).dna
975,,,,975,RCAS Ppargc1a (Myc & FLAG tagged),975,0975-RCAS Ppargc1a (Myc & FLAG tagged).dna
976,,,,976,"pHIV myr-HA-Akt1, Luciferase-IRES-ZsGreen (lentivirus) (CMV-myrAkt1; EF1a-Luc-ZsG)",976,"0976-pHIV myr-HA-Akt1, Luciferase-IRES-ZsGreen (lentivirus) (CMV-myrAkt1; EF1a-Luc-ZsG).dna"
977,,,,977,ACZEGP TRE3 myr-FLAG-AKT1,977,0977-ACZEGP TRE3 myr-FLAG-AKT1.dna
978,,,,978,RCAN TRE3 myr-FLAG-AKT1,978,0978-RCAN TRE3 myr-FLAG-AKT1.dna
979,,,,979,ACZEGP TRE3 IDH1 (R132H)-HA,979,0979-ACZEGP TRE3 IDH1 (R132H)-HA.dna
980,,0980-RCAN TRE3 IDH1 (R132H)-HA.dna,yes,980,RCAN TRE3 IDH1 (R132H)-HA,980,0980-RCAN TRE3 IDH1 (R132H)-HA.dna
981,,,,981,pDEST12.2 GUS,981,0981-pDEST12.2 GUS.dna
982,,,,982,pDEST12.2 Golm1-FLAG,982,0982-pDEST12.2 Golm1-FLAG.dna
983,,,,983,pDEST12.2 Golm1 G351E-FLAG,983,0983-pDEST12.2 Golm1 G351E-FLAG.dna
984,,,,984,pDEST12.2 GOLM1-FLAG,984,0984-pDEST12.2 GOLM1-FLAG.dna
985,,,,985,pDEST12.2 GOLM1 S307L-FLAG,985,0985-pDEST12.2 GOLM1 S307L-FLAG.dna
986,,,,986,pDEST12.2 GOLM1 G370E-FLAG,986,0986-pDEST12.2 GOLM1 G370E-FLAG.dna
987,,,,987,pENTR 3C IDH1-R132H-HA IRES Cre,987,0987-pENTR 3C IDH1-R132H-HA IRES Cre.dna
988,,,,988,CRIPSR LV Mouse IDH1 (IDH1S4S8),988,0988-CRIPSR LV Mouse IDH1 (IDH1S4S8).dna
989,,,,989,RCAS IDH1-R132H-HA IRES Cre,989,0989-RCAS IDH1-R132H-HA IRES Cre.dna
990,,0990-FG12 CMV GFP Ppargc1a.dna,yes,990,FG12 CMV GFP Ppargc1a,990,0990-FG12 CMV GFP Ppargc1a.dna
991,,,,991,pDEST12.2 Ppargc1a,991,0991-pDEST12.2 Ppargc1a.dna
992,,,,992,pLKO puro shFak B,992,0992-pLKO puro shFak B.dna
993,,,,993,pLKO puro shFak C,993,0993-pLKO puro shFak C.dna
994,,,,994,pCMV-VSVG,994,0994-pCMV-VSVG.dna
995,,,,995,pCMV-dR8.2 dvpr,995,0995-pCMV-dR8.2 dvpr.dna
996,,,,996,pENTR 3C TRE3 IDH1-R132H-HA IRES Cre,996,0996-pENTR 3C TRE3 IDH1-R132H-HA IRES Cre.dna
997,,,,997,RCAN TRE3 IDH1-R132H-HA IRES Cre,997,0997-RCAN TRE3 IDH1-R132H-HA IRES Cre.dna
998,,0998-pCR8 GWTOPO Fak.dna,yes,998,pCR8 GW/TOPO Fak,998,0998-pCR8 GWTOPO Fak.dna
999,,0999-ACZEGP TRE3 Braf V600E-V5-His.gb,yes,999,ACZEGP TRE3 Braf V600E-V5-His,999,0999-ACZEGP TRE3 Braf V600E-V5-His.gb
1000,,,,1000,RCAN TRE3 Braf V600E-V5-His,1000,1000-RCAN TRE3 Braf V600E-V5-His.dna
1001,,,,1001,pCR8 shRES(B) Fak,1001,1001-pCR8 shRES(B) Fak.dna
1002,,,,1002,pCR8 shRES(C) Fak,1002,1002-pCR8 shRES(C) Fak.dna
1003,,,,1003,pDEST12.2 shRES(B) Fak,1003,1003-pDEST12.2 shRES(B) Fak.dna
1004,,,,1004,pDEST12.2 shRES(C) Fak,1004,1004-pDEST12.2 shRES(C) Fak.dna
1005,,,,1005,pDEST12.2 Fak,1005,1005-pDEST12.2 Fak.dna
1006,,,,1006,pMD2.G,1006,1006-pMD2.G.dna
1007,,,,1007,psPAK,1007,1007-psPAK.dna
1008,,,,1008,Ptk2-E1-S2-LV2-puro-A,1008,1008-Ptk2-E1-S2-LV2-puro-A.dna
1009,,1009-pCR8 GW TOPO HA-FAK.dna,yes,1009,pCR8 GW TOPO HA-FAK,1009,1009-pCR8 GW TOPO HA-FAK.dna
1010,,1010-pCR8 GW TOPO Ndel375 HA-FAK.dna,yes,1010,pCR8 GW TOPO Ndel375 HA-FAK,1010,1010-pCR8 GW TOPO Ndel375 HA-FAK.dna
1011,,1011-RCAS HA-FAK.dna,yes,1011,RCAS HA-FAK,1011,1011-RCAS HA-FAK.dna
1012,,,,1012,RCAS Ndel375 HA-FAK (used #15 DV),1012,1012-RCAS Ndel375 HA-FAK (used #15 DV).dna
1013,,,,1013,RCAS FAK-HA (VanBrocklin Kinase Library),1013,1013-RCAS FAK-HA (VanBrocklin Kinase Library).dna
1014,,1014-pCR8 GWTOPO HA-FAK (Y397E).dna.dna,yes,1014,pCR8 GW/TOPO HA-FAK (Y397E),1014,1014-pCR8 GWTOPO HA-FAK (Y397E).dna.dna
1015,,1015-RCAS HA-FAK (Y397E).dna,yes,1015,RCAS HA-FAK (Y397E),1015,1015-RCAS HA-FAK (Y397E).dna
1016,,1016-pCR8 GW Dnm1l.dna,yes,1016,pCR8 GW Dnm1l,1016,1016-pCR8 GW Dnm1l.dna
1017,,1017-pCR8 GW Dnm1l (Mutant).dna,yes,1017,pCR8 GW Dnm1l (Mutant),1017,1017-pCR8 GW Dnm1l (Mutant).dna
1018,,1018-RCAS Dnm1l.dna,yes,1018,RCAS Dnm1l,1018,1018-RCAS Dnm1l.dna
1019,,,,1019,RCAS Dnm1l (Mutant),1019,1019-RCAS Dnm1l (Mutant).dna
1020,,1020-pENTR-2B U6 SapI #3.gb,yes,1020,pENTR-2B U6 SapI #3,1020,1020-pENTR-2B U6 SapI #3.gb
1021,,1021-pDONR223_PIK3CA_p.H1047R.dna,yes,1021,pDONR223_PIK3CA_p.H1047R,1021,1021-pDONR223_PIK3CA_p.H1047R.dna
1022,,1022-pENTR-2B U6 sgRNA FUBP1 exon 1.dna,yes,1022,pENTR-2B U6 sgRNA FUBP1 exon 1,1022,1022-pENTR-2B U6 sgRNA FUBP1 exon 1.dna
1023,,1023-pENTR-2B U6 sgRNA FUBP1 exon 2.dna,yes,1023,pENTR-2B U6 sgRNA FUBP1 exon 2,1023,1023-pENTR-2B U6 sgRNA FUBP1 exon 2.dna
1024,,1024-pENTR-2B U6 sgRNA FUBP1 exon 15.dna,yes,1024,pENTR-2B U6 sgRNA FUBP1 exon 15,1024,1024-pENTR-2B U6 sgRNA FUBP1 exon 15.dna
1025,,1025-pENTR-2B U6 sgRNA FUBP1 exon 16.dna,yes,1025,pENTR-2B U6 sgRNA FUBP1 exon 16,1025,1025-pENTR-2B U6 sgRNA FUBP1 exon 16.dna
1026,,1026-RCAS-PIK3CA p.H1047R.dna,yes,1026,RCAS-PIK3CA p.H1047R,1026,1026-RCAS-PIK3CA p.H1047R.dna
1027,,,,1027,RCAN pENTR-2B U6 sgRNA FUBP1 exon 1,1027,1027-RCAN pENTR-2B U6 sgRNA FUBP1 exon 1.dna
1028,,,,1028,RCAN pENTR-2B U6 sgRNA FUBP1 exon 2,1028,1028-RCAN pENTR-2B U6 sgRNA FUBP1 exon 2.dna
1029,,,,1029,RCAN pENTR-2B U6 sgRNA FUBP1 exon 15,1029,1029-RCAN pENTR-2B U6 sgRNA FUBP1 exon 15.dna
1030,,,,1030,RCAN pENTR-2B U6 sgRNA FUBP1 exon 16,1030,1030-RCAN pENTR-2B U6 sgRNA FUBP1 exon 16.dna
1031,,,,1031,RCAS Cre NF1 ex2 sgRNA,1031,1031-RCAS Cre NF1 ex2 sgRNA.dna
1032,,,,1032,ACZEGP TRE3 HA-FAK (Y397E),1032,1032-ACZEGP TRE3 HA-FAK (Y397E).dna
1033,,,,1033,RCAN TRE3 HA-FAK (Y397E),1033,1033-RCAN TRE3 HA-FAK (Y397E).dna
1034,,,,1034,ACZEGP TRE3 Ndel375 HA-FAK,1034,1034-ACZEGP TRE3 Ndel375 HA-FAK.dna
1035,,,,1035,RCAN TRE3 Ndel375 HA-FAK,1035,1035-RCAN TRE3 Ndel375 HA-FAK.dna
1036,,,,1036,RCAS Ndel375 HA-FAK (used #42 DV),1036,1036-RCAS Ndel375 HA-FAK (used #42 DV).dna
1037,,,,1037,pCR8 HA-PIK3CA-H1047R,1037,1037-pCR8 HA-PIK3CA-H1047R.dna
1038,,,,1038,RCAS HA-PIK3CA-H1047R,1038,1038-RCAS HA-PIK3CA-H1047R.dna
1039,,,,1039,pENTR-2B 3XFLAG-PIK3CA-H1047R,1039,1039-pENTR-2B 3XFLAG-PIK3CA-H1047R.dna
1040,,,,1040,RCAS 3XFLAG-PIK3CA-H1047R,1040,1040-RCAS 3XFLAG-PIK3CA-H1047R.dna
1041,,,,1041,pHIV GW-compatible Luciferase-IRES-eGFP (lentivirus) (EF1a-Luc-eGFP; CMV-GW),1041,1041-pHIV GW-compatible Luciferase-IRES-eGFP (lentivirus) (EF1a-Luc-eGFP; CMV-GW).dna
1042,,,,1042,Fubp1smURFP Neo ex2 HDR FRT in pUC57,1042,1042-Fubp1smURFP Neo ex2 HDR FRT in pUC57.dna
1043,,1043-Fubp1smURFP Neo ex15 HDR FRT in pUC57.dna,yes,1043,Fubp1smURFP Neo ex15 HDR FRT in pUC57,1043,1043-Fubp1smURFP Neo ex15 HDR FRT in pUC57.dna
1044,,"1044-FG12 HA-Ndel(375)-FAK, GFP.dna",yes,1044,"FG12 HA-Ndel(375)-FAK, GFP",1044,"1044-FG12 HA-Ndel(375)-FAK, GFP.dna"
1045,,"1045-FG12 HA-FAK-Y397E, GFP.dna",yes,1045,"FG12 HA-FAK-Y397E, GFP",1045,"1045-FG12 HA-FAK-Y397E, GFP.dna"
1046,,,,1046,pDEST FG12 CMV_GW,1046,1046-pDEST FG12 CMV_GW.dna
1047,,,,1047,"pDEST FG12 CMV_GW, SV40_Luciferase-IRES-eGFP",1047,"1047-pDEST FG12 CMV_GW, SV40_Luciferase-IRES-eGFP.dna"
1048,,1048-pCR8 GW-TOPO 3xFLAG-Pten (wild type).dna,yes,1048,pCR8 GW 3xFLAG-Pten,1048,1048-pCR8 GW-TOPO 3xFLAG-Pten (wild type).dna
1049,,1049-pCR8 GW His-Pten (C124A).dna,yes,1049,pCR8 GW His-Pten (C124A),1049,1049-pCR8 GW His-Pten (C124A).dna
1050,,1050-pCR8 GW Myc-Pten (G129E).dna,yes,1050,pCR8 GW Myc-Pten (G129E),1050,1050-pCR8 GW Myc-Pten (G129E).dna
1051,,"1051-pCR8 GW V5-Pten (C124A, G129E).dna",yes,1051,"pCR8 GW V5-Pten (C124A, G129E)",1051,"1051-pCR8 GW V5-Pten (C124A, G129E).dna"
1052,,"1052-FG12 CMV_3xFLAG-Pten, SV40_Luciferase-IRES-eGFP.dna",yes,1052,"FG12 CMV_3xFLAG-Pten, SV40_Luciferase-IRES-eGFP",1052,"1052-FG12 CMV_3xFLAG-Pten, SV40_Luciferase-IRES-eGFP.dna"
1053,,"1053-FG12 CMV_His-Pten (C124A), SV40_Luciferase-IRES-eGFP.dna",yes,1053,"FG12 CMV_His-Pten (C124A), SV40_Luciferase-IRES-eGFP",1053,"1053-FG12 CMV_His-Pten (C124A), SV40_Luciferase-IRES-eGFP.dna"
1054,,"1054-FG12 CMV_Myc-Pten (G129E), SV40_Luciferase-IRES-eGFP.dna",yes,1054,"FG12 CMV_Myc-Pten (G129E), SV40_Luciferase-IRES-eGFP",1054,"1054-FG12 CMV_Myc-Pten (G129E), SV40_Luciferase-IRES-eGFP.dna"
1055,,"1055-FG12 CMV_3xFLAG-Pten (Y138L), SV40_Luciferase-IRES-eGFP.dna",yes,1055,"FG12 CMV_3xFLAG-Pten (Y138L), SV40_Luciferase-IRES-eGFP",1055,"1055-FG12 CMV_3xFLAG-Pten (Y138L), SV40_Luciferase-IRES-eGFP.dna"
1056,,,,1056,"FG12 CMV_myr-HA-SGK1, SV40_Luciferase-IRES-eGFP",1056,"1056-FG12 CMV_myr-HA-SGK1, SV40_Luciferase-IRES-eGFP.dna"
1057,,,,1057,"FG12 CMV_myr-HA-SGK2, SV40_Luciferase-IRES-eGFP",1057,"1057-FG12 CMV_myr-HA-SGK2, SV40_Luciferase-IRES-eGFP.dna"
1058,,,,1058,"FG12 CMV_myr-HA-SGK3, SV40_Luciferase-IRES-eGFP",1058,"1058-FG12 CMV_myr-HA-SGK3, SV40_Luciferase-IRES-eGFP.dna"
1059,,"1059-FG12 CMV_HA-Akt1-E17K, SV40_Luciferase-IRES-eGFP.dna",yes,1059,"FG12 CMV_HA-Akt1-E17K, SV40_Luciferase-IRES-eGFP",1059,"1059-FG12 CMV_HA-Akt1-E17K, SV40_Luciferase-IRES-eGFP.dna"
1060,,,,1060,"FG12 CMV_HA-Ndel(375)-FAK, SV40_Luciferase-IRES-eGFP",1060,"1060-FG12 CMV_HA-Ndel(375)-FAK, SV40_Luciferase-IRES-eGFP.dna"
1061,,,,1061,pCR8 myr-deltaPH-Akt1,1061,1061-pCR8 myr-deltaPH-Akt1.dna
1062,,,,1062,RCAS myr-deltaPH-Akt1,1062,1062-RCAS myr-deltaPH-Akt1.dna
1063,,,,1063,pCR8 myr-deltaPH-Akt1-K179M,1063,1063-pCR8 myr-deltaPH-Akt1-K179M.dna
1064,,,,1064,RCAS myr-deltaPH-Akt1-K179M,1064,1064-RCAS myr-deltaPH-Akt1-K179M.dna
1065,,1065-pCR8 myr-HA-Akt1-T308A.dna,yes,1065,pCR8 myr-HA-Akt1-T308A,1065,1065-pCR8 myr-HA-Akt1-T308A.dna
1066,,1066-RCAS myr-HA-Akt1-T308A.dna,yes,1066,RCAS myr-HA-Akt1-T308A,1066,1066-RCAS myr-HA-Akt1-T308A.dna
1067,,1067-pCR8 myr-HA-Akt1-S473A.dna,yes,1067,pCR8 myr-HA-Akt1-S473A,1067,1067-pCR8 myr-HA-Akt1-S473A.dna
1068,,1068-RCAS myr-HA-Akt1-S473A.dna,yes,1068,RCAS myr-HA-Akt1-S473A,1068,1068-RCAS myr-HA-Akt1-S473A.dna
1069,,1069-pCR8 myr-HA-Akt1-T308D.dna,yes,1069,pCR8 myr-HA-Akt1-T308D,1069,1069-pCR8 myr-HA-Akt1-T308D.dna
1070,,1070-RCAS myr-HA-Akt1-T308D.dna,yes,1070,RCAS myr-HA-Akt1-T308D,1070,1070-RCAS myr-HA-Akt1-T308D.dna
1071,,1071-pCR8 myr-HA-Akt1-S473D.dna,yes,1071,pCR8 myr-HA-Akt1-S473D,1071,1071-pCR8 myr-HA-Akt1-S473D.dna
1072,,1072-RCAS myr-HA-Akt1-S473D.dna,yes,1072,RCAS myr-HA-Akt1-S473D,1072,1072-RCAS myr-HA-Akt1-S473D.dna
1073,,"1073-pCR8 myr-HA-Akt1-T308A, S473A.dna",yes,1073,"pCR8 myr-HA-Akt1-T308A, S473A",1073,"1073-pCR8 myr-HA-Akt1-T308A, S473A.dna"
1074,,"1074-RCAS myr-HA-Akt1-T308A, S473A.dna",yes,1074,"RCAS myr-HA-Akt1-T308A, S473A",1074,"1074-RCAS myr-HA-Akt1-T308A, S473A.dna"
1075,,"1075-pCR8 myr-HA-Akt1-T308A, S473D.dna",yes,1075,"pCR8 myr-HA-Akt1-T308A, S473D",1075,"1075-pCR8 myr-HA-Akt1-T308A, S473D.dna"
1076,,"1076-RCAS myr-HA-Akt1-T308A, S473D.dna",yes,1076,"RCAS myr-HA-Akt1-T308A, S473D",1076,"1076-RCAS myr-HA-Akt1-T308A, S473D.dna"
1077,,"1077-pCR8 myr-HA-Akt1-T308D, S473A.dna",yes,1077,"pCR8 myr-HA-Akt1-T308D, S473A",1077,"1077-pCR8 myr-HA-Akt1-T308D, S473A.dna"
1078,,"1078-RCAS myr-HA-Akt1-T308D, S473A.dna",yes,1078,"RCAS myr-HA-Akt1-T308D, S473A",1078,"1078-RCAS myr-HA-Akt1-T308D, S473A.dna"
1079,,"1079-pCR8 myr-HA-Akt1-T308D, S473D.dna",yes,1079,"pCR8 myr-HA-Akt1-T308D, S473D",1079,"1079-pCR8 myr-HA-Akt1-T308D, S473D.dna"
1080,,"1080-RCAS myr-HA-Akt1-T308D, S473D.dna",yes,1080,"RCAS myr-HA-Akt1-T308D, S473D",1080,"1080-RCAS myr-HA-Akt1-T308D, S473D.dna"
1081,,,,1081,pCR8 GW TOPO HA-FAK(K454R),1081,1081-pCR8 GW TOPO HA-FAK(K454R).dna
1082,,,,1082,"FG12 CMV_HA-FAK(WT), SV40_Luciferase-IRES-eGFP",1082,"1082-FG12 CMV_HA-FAK(WT), SV40_Luciferase-IRES-eGFP.dna"
1083,,"1083-FG12 CMV_HA-FAK(Y397E), SV40_Luciferase-IRES-eGFP.dna",yes,1083,"FG12 CMV_HA-FAK(Y397E), SV40_Luciferase-IRES-eGFP",1083,"1083-FG12 CMV_HA-FAK(Y397E), SV40_Luciferase-IRES-eGFP.dna"
1084,,,,1084,"FG12 CMV_HA-FAK(K454R), SV40_Luciferase-IRES-eGFP",1084,"1084-FG12 CMV_HA-FAK(K454R), SV40_Luciferase-IRES-eGFP.dna"
1085,,,,1085,pCR8 GW 3xFLAG-Pten (Y138L),1085,1085-pCR8 GW 3xFLAG-Pten (Y138L).dna
1086,,,,1086,"FG12 CMV_NCAM1(no tag), SV40_Luciferase-IRES-eGFP",1086,"1086-FG12 CMV_NCAM1(no tag), SV40_Luciferase-IRES-eGFP.dna"
1087,,,,1087,,1087,1087-.dna
1088,,,,1088,pDONR223_SGK1 (WT),1088,1088-pDONR223_SGK1 (WT).dna
1089,,,,1089,pDONR223_SGK3 (WT),1089,1089-pDONR223_SGK3 (WT).dna
1090,,,,1090,"FG12 CMV_SGK1, SV40_Luciferase-IRES-eGFP (WT)",1090,"1090-FG12 CMV_SGK1, SV40_Luciferase-IRES-eGFP (WT).dna"
1091,,,,1091,"FG12 CMV_SGK3, SV40_Luciferase-IRES-eGFP (WT)",1091,"1091-FG12 CMV_SGK3, SV40_Luciferase-IRES-eGFP (WT).dna"
1092,,1092-pDONR221-myr-HA-SGK1-K127M.dna,yes,1092,pDONR221-myr-HA-SGK1-K127M,1092,1092-pDONR221-myr-HA-SGK1-K127M.dna
1093,,"1093-FG12 CMV_myr-HA-SGK1-K127M, SV40_Luciferase-IRES-eGFP.dna",yes,1093,"FG12 CMV_myr-HA-SGK1-K127M, SV40_Luciferase-IRES-eGFP ",1093,"1093-FG12 CMV_myr-HA-SGK1-K127M, SV40_Luciferase-IRES-eGFP.dna"
1094,,1094-pDONR221-myr-HA-SGK3-K191M.dna,yes,1094,pDONR221-myr-HA-SGK3-K191M,1094,1094-pDONR221-myr-HA-SGK3-K191M.dna
1095,,1095-FG12 CMV_myr-HA-SGK3-K191M SV40_Luciferase-IRES-eGFP.dna,yes,1095,FG12 CMV_myr-HA-SGK3-K191M SV40_Luciferase-IRES-eGFP ,1095,1095-FG12 CMV_myr-HA-SGK3-K191M SV40_Luciferase-IRES-eGFP.dna
1096,,,,1096,,1096,1096-.dna
1097,,,,1097,,1097,1097-.dna
1098,,,,1098,,1098,1098-.dna
1099,,,,1099,,1099,1099-.dna
1100,,,,1101,pENTR 2B Cre U6 Sapl,1101,1101-pENTR 2B Cre U6 Sapl.dna
1101,,,,1102,pENTRDsRedEx2,1102,1102-pENTRDsRedEx2.dna
1102,,,,1103,RCAS-DsRedEx2,1103,1103-RCAS-DsRedEx2.dna
1103,,,,1104,pENTR221_NCAM1 (No Stop Codon),1104,1104-pENTR221_NCAM1 (No Stop Codon).dna
1104,,,,1105,pENTR221_NRCAM (No Stop Codon),1105,1105-pENTR221_NRCAM (No Stop Codon).dna
1105,,,,1106,pENTR221_NELL1 (No Stop Codon),1106,1106-pENTR221_NELL1 (No Stop Codon).dna
1106,,,,1107,pENTR221_TIMP1 (No Stop Codon),1107,1107-pENTR221_TIMP1 (No Stop Codon).dna
1107,,,,1108,RCAS Y DV CHA-NCAM1 (from Plasmid #50),1108,1108-RCAS Y DV CHA-NCAM1 (from Plasmid #50).dna
1108,,,,1109,RCASBP(A)-Cre,1109,1109-RCASBP(A)-Cre.dna
1109,,,,1110,RCAS-GFP,1110,1110-RCAS-GFP.dna
1110,,,,1111,RCAS-BRAF(KD)-P2A-Cre,1111,1111-RCAS-BRAF(KD)-P2A-Cre.dna
1111,,,,1112,pMK-HA-BRAF(KD)-VE-p2A-Cre,1112,1112-pMK-HA-BRAF(KD)-VE-p2A-Cre.dna
1112,,,,1113,,1113,1113-.dna
